<DATE>	<OPEN>	<HIGH>	<LOW>	<CLOSE>	<TICKVOL>	<VOL>	<SPREAD>
2013.02.07	10.75	11.10	10.65	11.10	833	6188	1000
2013.02.08	11.25	11.55	11.00	11.40	705	5160	1000
2013.02.11	11.55	11.60	11.10	11.35	1072	8857	1000
2013.02.12	11.20	11.50	11.10	11.15	986	7961	1000
2013.02.13	11.30	11.40	11.20	11.35	756	5391	1000
2013.02.14	11.55	11.80	11.50	11.65	926	7361	1000
2013.02.15	11.80	11.85	11.55	11.70	723	5403	1000
2013.02.18	11.80	12.00	11.70	11.75	1057	8707	1000
2013.02.19	11.70	11.80	11.25	11.40	1213	9943	1000
2013.02.20	11.50	11.65	11.40	11.60	559	3664	1000
2013.02.21	11.70	11.80	11.25	11.50	833	6413	1000
2013.02.22	11.60	11.75	11.45	11.45	672	5127	1000
2013.02.26	11.65	11.65	11.35	11.60	821	6041	1000
2013.02.27	11.70	11.80	11.55	11.55	813	6168	1000
2013.02.28	11.60	11.85	11.60	11.80	644	4739	1000
2013.03.01	11.95	12.00	11.55	11.60	500	3200	1000
2013.03.04	11.65	11.75	11.60	11.70	867	6582	1000
2013.03.05	11.70	11.80	11.65	11.75	478	3088	1000
2013.03.06	11.80	11.85	11.70	11.80	418	2488	1000
2013.03.07	11.80	12.30	11.75	12.10	659	4619	1000
2013.03.08	12.20	12.25	12.10	12.25	301	1516	1000
2013.03.11	12.35	12.60	12.30	12.30	523	3538	1000
2013.03.12	12.35	12.70	12.35	12.50	594	4374	1000
2013.03.13	12.50	12.50	12.20	12.20	707	5252	1000
2013.03.14	12.40	12.40	12.20	12.40	862	6802	1000
2013.03.15	12.50	12.50	12.10	12.15	739	5644	1000
2013.03.18	12.10	12.25	12.10	12.15	554	3974	1000
2013.03.19	12.20	12.45	12.00	12.05	1011	8256	1000
2013.03.20	11.85	12.30	11.85	12.30	1141	9466	1000
2013.03.21	12.30	12.40	11.90	11.90	590	4235	1000
2013.03.22	11.70	11.80	11.05	11.50	1101	8661	1000
2013.03.25	11.40	11.75	11.40	11.75	981	7641	1000
2013.03.26	11.60	12.25	11.60	12.00	814	6214	1000
2013.03.27	12.25	12.30	12.10	12.20	680	5045	1000
2013.03.28	12.30	12.30	12.10	12.25	701	5426	1000
2013.03.29	12.35	12.40	12.05	12.15	285	1590	1000
2013.04.01	12.15	12.25	12.00	12.05	185	815	1000
2013.04.02	12.20	12.30	12.10	12.30	528	3453	1000
2013.04.03	12.40	12.40	12.00	12.15	670	4765	1000
2013.04.04	11.85	12.20	11.80	12.20	533	3458	1000
2013.04.05	12.00	12.00	11.55	11.60	544	3694	1000
2013.04.09	11.25	11.40	11.05	11.25	945	7155	1000
2013.04.10	11.15	11.35	11.10	11.20	480	3225	1000
2013.04.11	11.30	12.10	11.30	12.00	674	4859	1000
2013.04.12	12.20	12.40	12.10	12.35	771	5721	1000
2013.04.17	12.50	13.00	12.50	13.00	1632	14007	1000
2013.04.18	13.50	13.65	13.00	13.65	621	4446	1000
2013.04.19	13.35	13.55	13.10	13.15	1076	8591	1000
2013.04.22	13.20	13.70	13.10	13.70	692	4922	1000
2013.04.23	13.75	13.95	13.30	13.30	413	2393	1000
2013.04.24	13.40	13.65	13.40	13.45	622	4492	1000
2013.04.25	13.45	13.45	13.15	13.35	1125	9180	1000
2013.04.26	13.50	13.95	13.35	13.80	723	5403	1000
2013.04.29	14.00	14.60	13.90	14.40	489	3414	1000
2013.04.30	14.60	14.75	14.30	14.45	610	4255	1000
2013.05.02	14.85	14.95	14.45	14.80	1124	9044	1000
2013.05.03	15.00	15.25	14.95	15.15	550	3610	1000
2013.05.07	15.35	15.35	15.10	15.20	556	3661	1000
2013.05.08	15.30	15.30	15.00	15.20	994	7744	1000
2013.05.09	15.30	15.30	14.75	14.75	587	4052	1000
2013.05.10	14.85	15.05	14.70	14.80	762	5577	1000
2013.05.13	15.10	15.25	15.00	15.15	1022	8042	1000
2013.05.14	15.20	15.40	15.15	15.20	419	2624	1000
2013.05.15	15.30	15.50	15.15	15.50	498	3153	1000
2013.05.16	15.60	16.20	15.50	16.05	1018	7903	1000
2013.05.17	15.90	16.45	15.75	16.05	842	6287	1000
2013.05.20	16.30	16.70	16.20	16.70	557	3842	1000
2013.05.21	17.00	17.60	17.00	17.35	982	7597	1000
2013.05.22	17.55	17.65	16.75	17.00	835	6280	1000
2013.05.23	16.80	16.95	15.90	16.75	1304	10754	1000
2013.05.27	16.70	16.75	16.40	16.75	963	7443	1000
2013.05.28	16.95	17.80	16.95	17.80	911	6941	1000
2013.05.29	17.80	18.80	17.80	18.50	993	7698	1000
2013.05.30	18.45	18.55	18.00	18.10	880	6595	1000
2013.05.31	18.35	18.55	17.70	18.50	1180	9550	1000
2013.06.03	18.25	18.30	16.60	16.60	1633	13873	1000
2013.06.04	16.40	16.60	15.55	16.15	2290	20380	1000
2013.06.05	15.95	16.70	15.85	15.90	953	7343	1000
2013.06.06	15.60	15.65	15.20	15.50	1549	13069	1000
2013.06.07	15.65	16.60	15.60	16.35	946	7156	1000
2013.06.10	16.60	16.90	16.60	16.85	798	5838	1000
2013.06.11	16.75	16.75	15.65	15.85	1323	10863	1000
2013.06.12	15.55	16.40	15.55	15.80	1619	13769	1000
2013.06.14	15.40	15.75	15.15	15.30	1141	9106	1000
2013.06.17	15.50	15.60	15.05	15.10	857	6392	1000
2013.06.18	15.15	15.90	15.10	15.35	1363	11263	1000
2013.06.19	15.55	15.75	15.30	15.55	1104	8709	1000
2013.06.20	15.20	15.70	15.10	15.50	1621	13861	1000
2013.06.21	15.20	15.35	14.55	14.90	1412	11672	1000
2013.06.24	14.80	15.00	13.70	13.70	1155	9255	1000
2013.06.25	14.10	14.30	12.80	13.95	1438	12013	1000
2013.06.26	14.60	15.40	14.30	15.40	1396	11656	1000
2013.06.27	16.00	16.20	15.35	15.70	1740	14925	1000
2013.06.28	16.15	17.40	16.15	16.85	1925	16775	1000
2013.07.02	16.95	17.25	16.40	16.50	1922	16727	1000
2013.07.03	16.60	16.80	16.35	16.80	1009	7939	1000
2013.07.04	16.90	16.90	16.30	16.65	673	4768	1000
2013.07.05	16.85	17.00	16.55	16.80	515	3215	1000
2013.07.08	16.50	16.65	16.10	16.10	1145	9200	1000
2013.07.09	16.30	16.30	15.70	15.70	766	5581	1000
2013.07.10	15.65	16.00	15.40	15.80	1036	8101	1000
2013.07.11	16.30	17.00	16.25	17.00	846	6291	1000
2013.07.12	17.20	17.35	16.85	17.05	1027	8047	1000
2013.07.15	17.25	17.35	16.90	17.30	703	4843	1000
2013.07.16	17.25	17.35	16.85	17.35	722	5132	1000
2013.07.17	17.35	18.05	17.20	17.80	1075	8365	1000
2013.07.18	18.30	19.15	18.25	18.80	1345	11020	1000
2013.07.19	19.20	19.85	18.95	19.45	1231	10006	1000
2013.07.23	19.40	19.40	18.90	19.20	1512	12717	1000
2013.07.24	19.35	19.85	19.30	19.35	1105	8800	1000
2013.07.25	19.20	19.30	18.35	18.40	1042	8197	1000
2013.07.26	18.55	19.20	18.30	19.00	1202	9752	1000
2013.07.29	19.00	19.05	18.45	18.85	555	3660	1000
2013.07.30	19.00	19.00	17.90	18.00	899	6794	1000
2013.07.31	18.20	18.35	17.45	17.80	1084	8599	1000
2013.08.01	18.05	18.40	17.75	18.20	885	6555	1000
2013.08.02	18.30	18.30	17.75	17.85	1185	9555	1000
2013.08.05	17.60	18.40	17.35	18.40	855	6390	1000
2013.08.06	18.00	18.55	18.00	18.15	976	7771	1000
2013.08.07	18.10	18.55	18.10	18.35	806	6161	1000
2013.08.08	18.60	18.75	18.35	18.35	702	5157	1000
2013.08.09	18.50	18.60	18.25	18.35	815	6035	1000
2013.08.13	18.30	18.50	18.10	18.20	508	3388	1000
2013.08.14	18.15	18.40	17.80	18.20	797	5837	1000
2013.08.15	18.20	18.55	18.15	18.30	384	2094	1000
2013.08.16	18.20	18.25	17.80	17.85	514	3259	1000
2013.08.19	17.70	17.75	17.30	17.30	633	4233	1000
2013.08.20	17.00	17.35	16.65	17.10	1150	9160	1000
2013.08.21	17.10	17.40	16.95	16.95	987	7692	1000
2013.08.22	16.75	17.25	16.70	16.80	843	6468	1000
2013.08.23	17.05	17.20	16.55	16.60	954	7434	1000
2013.08.26	16.60	16.80	16.45	16.45	521	3491	1000
2013.08.27	16.20	16.20	15.45	15.50	985	7600	1000
2013.08.28	15.00	15.50	14.25	14.95	1649	14069	1000
2013.08.29	15.05	15.70	14.95	15.70	851	6341	1000
2013.08.30	15.85	16.35	15.85	16.35	714	5079	1000
2013.09.02	16.60	16.90	16.50	16.90	657	4482	1000
2013.09.03	16.85	17.00	16.30	16.30	650	4610	1000
2013.09.04	16.45	16.60	16.10	16.15	947	7292	1000
2013.09.05	16.30	16.65	16.15	16.40	625	4225	1000
2013.09.06	16.35	16.75	16.30	16.60	544	3559	1000
2013.09.09	17.00	17.80	16.90	17.80	1137	9102	1000
2013.09.10	18.05	18.50	18.00	18.40	1325	10910	1000
2013.09.11	18.45	18.50	17.85	18.40	948	7383	1000
2013.09.12	18.40	18.65	18.00	18.00	854	6479	1000
2013.09.13	17.90	18.30	17.90	18.00	607	4207	1000
2013.09.16	18.50	19.15	18.40	18.95	851	6251	1000
2013.09.17	19.15	19.50	19.05	19.35	957	7347	1000
2013.09.18	19.15	19.45	19.00	19.35	828	6228	1000
2013.09.19	20.30	20.50	19.85	19.85	2199	19614	1000
2013.09.20	19.80	20.20	19.80	20.00	1418	11993	1000
2013.09.23	19.85	19.85	19.20	19.30	838	6058	1000
2013.09.24	19.00	19.10	18.10	18.10	1136	9056	1000
2013.09.25	18.25	18.60	18.10	18.60	906	6891	1000
2013.09.26	18.55	19.30	18.45	19.05	912	6852	1000
2013.09.27	19.20	19.35	18.60	18.75	858	6528	1000
2013.09.30	18.35	18.85	18.25	18.85	1228	9958	1000
2013.10.01	18.85	19.25	18.75	19.05	664	4534	1000
2013.10.02	19.30	19.30	18.85	19.00	808	5938	1000
2013.10.03	19.20	19.80	19.20	19.80	771	5766	1000
2013.10.04	19.65	19.80	19.35	19.70	606	4116	1000
2013.10.07	19.65	20.00	19.25	19.30	874	6679	1000
2013.10.08	19.35	19.80	19.20	19.75	638	4373	1000
2013.10.09	19.60	19.75	19.40	19.55	832	6187	1000
2013.10.10	19.65	20.00	19.65	20.00	583	3823	1000
2013.10.11	20.20	20.20	19.80	19.80	1062	8397	1000
2013.10.14	19.85	20.70	19.65	20.60	603	4383	1000
2013.10.15	20.70	21.10	20.40	20.90	2169	19449	1000
2013.10.16	20.80	22.00	20.80	22.00	2402	21752	1000
2013.10.17	22.30	22.50	21.90	22.50	1922	16952	1000
2013.10.21	21.60	21.70	20.60	20.60	1098	8928	1000
2013.10.22	20.60	21.30	20.40	21.30	1383	11553	1000
2013.10.24	21.00	22.10	21.00	21.60	2186	19556	1000
2013.10.25	21.80	21.80	21.40	21.40	1079	8909	1000
2013.10.28	21.70	21.80	21.10	21.20	948	8058	1000
2013.10.29	21.30	21.60	21.20	21.40	1039	8599	1000
2013.10.30	21.50	21.50	20.80	21.30	1827	16137	1000
2013.10.31	21.10	21.50	20.90	21.20	1270	10720	1000
2013.11.01	21.00	21.00	20.60	20.60	1751	15161	1000
2013.11.04	19.90	20.00	18.90	18.90	1462	12172	1000
2013.11.05	19.20	20.00	19.20	20.00	1244	10064	1000
2013.11.06	20.00	20.90	19.70	20.40	1663	14218	1000
2013.11.07	20.40	20.80	20.20	20.40	2060	18350	1000
2013.11.08	20.30	20.50	20.00	20.20	1407	11847	1000
2013.11.11	19.40	20.50	19.30	20.50	1538	13058	1000
2013.11.12	21.00	21.20	20.50	20.50	1607	13847	1000
2013.11.13	20.50	21.00	20.50	21.00	812	6392	1000
2013.11.14	21.20	21.20	20.90	21.00	1271	10631	1000
2013.11.15	21.20	21.20	20.70	20.90	955	7615	1000
2013.11.18	21.10	21.20	20.80	20.90	922	7492	1000
2013.11.19	21.00	21.10	20.80	20.90	1653	14343	1000
2013.11.20	21.00	21.20	20.70	20.80	728	5408	1000
2013.11.21	20.50	20.50	19.85	19.85	2489	22514	1000
2013.11.22	19.80	19.95	19.10	19.20	1301	10616	1000
2013.11.25	18.90	19.50	18.80	19.25	899	6749	1000
2013.11.26	19.25	19.40	18.65	18.70	1205	9710	1000
2013.11.27	18.85	19.10	18.80	19.00	852	6342	1000
2013.11.28	19.10	19.35	18.85	18.90	765	5490	1000
2013.11.29	18.80	18.95	18.75	18.75	643	4468	1000
2013.12.02	18.60	18.60	18.10	18.30	1426	11866	1000
2013.12.03	18.25	19.00	18.25	18.60	1321	10726	1000
2013.12.04	18.60	18.80	18.40	18.40	1839	15924	1000
2013.12.06	18.55	18.60	17.80	17.85	1410	11715	1000
2013.12.09	18.20	18.40	17.85	18.25	1514	12719	1000
2013.12.11	18.20	18.50	18.20	18.30	1170	9360	1000
2013.12.12	18.20	18.20	17.90	17.90	978	7548	1000
2013.12.13	18.00	18.05	17.50	17.50	1370	11315	1000
2013.12.16	17.40	17.45	17.00	17.05	992	7742	1000
2013.12.17	17.20	17.90	17.15	17.85	1203	9753	1000
2013.12.18	17.95	18.50	17.90	18.25	1064	8309	1000
2013.12.19	17.95	17.95	17.75	17.80	1047	8112	1000
2013.12.20	17.80	17.80	17.25	17.25	714	5034	1000
2013.12.23	17.05	17.15	16.50	16.55	1244	10064	1000
2013.12.24	16.55	17.05	16.50	16.50	1024	7999	1000
2013.12.25	16.65	16.75	16.55	16.55	459	2889	1000
2013.12.26	16.65	16.75	15.80	15.80	1185	9555	1000
2013.12.27	15.75	15.95	15.40	15.85	1204	9709	1000
2014.01.02	16.05	16.05	14.65	14.65	1229	9959	1000
2014.01.03	14.30	14.95	14.25	14.50	1597	13522	1000
2014.01.06	14.40	14.40	13.75	14.25	1341	10971	1000
2014.01.07	14.40	15.15	14.35	15.15	1294	10564	1000
2014.01.08	15.05	15.10	14.50	14.50	1368	11313	1000
2014.01.09	14.70	14.95	14.55	14.60	1294	10609	1000
2014.01.10	14.40	14.60	14.25	14.55	1674	14364	1000
2014.01.13	14.30	15.30	14.30	15.30	1292	10652	1000
2014.01.14	15.20	16.25	15.10	15.95	1484	12374	1000
2014.01.15	16.30	16.85	16.20	16.60	1353	11118	1000
2014.01.16	16.80	17.05	16.35	16.60	1700	14525	1000
2014.01.17	16.55	16.70	16.00	16.10	1368	11313	1000
2014.01.20	16.15	16.20	15.80	15.80	1129	9004	1000
2014.01.21	16.10	16.50	16.05	16.30	1153	9208	1000
2014.01.22	15.95	16.15	15.80	16.00	1948	17023	1000
2014.01.23	15.95	16.75	15.95	16.75	1514	12719	1000
2014.01.24	16.75	17.70	16.60	17.55	2020	17725	1000
2014.01.27	17.20	17.85	17.10	17.50	1660	14170	1000
2014.01.28	17.65	17.70	16.85	16.90	1898	16568	1000
2014.01.29	17.05	17.65	17.05	17.30	1013	7943	1000
2014.01.30	17.20	17.50	17.15	17.40	1078	8728	1000
2014.01.31	17.45	17.60	17.15	17.15	1136	9191	1000
2014.02.03	17.40	17.80	17.30	17.65	1043	8288	1000
2014.02.04	17.45	17.60	17.40	17.50	1012	8167	1000
2014.02.05	17.60	17.75	17.20	17.35	800	6020	1000
2014.02.06	17.50	17.65	17.45	17.60	680	4910	1000
2014.02.07	17.75	17.75	17.35	17.40	841	6466	1000
2014.02.10	17.50	17.55	17.15	17.15	802	5932	1000
2014.02.11	17.15	17.35	17.10	17.25	1487	12557	1000
2014.02.12	17.35	17.75	17.30	17.65	1276	10501	1000
2014.02.13	17.65	17.80	17.45	17.60	820	6220	1000
2014.02.17	17.90	18.50	17.90	18.30	1339	11059	1000
2014.02.18	18.30	18.75	18.10	18.65	1484	12374	1000
2014.02.19	18.60	18.95	18.60	18.80	1601	13571	1000
2014.02.20	18.60	18.75	18.25	18.30	1346	11066	1000
2014.02.21	18.30	18.55	18.15	18.40	821	6176	1000
2014.02.24	18.25	18.40	18.10	18.25	929	7184	1000
2014.02.25	18.35	18.65	18.25	18.45	742	5332	1000
2014.02.26	18.50	18.65	18.35	18.40	824	6224	1000
2014.02.27	18.45	18.90	18.40	18.65	913	7258	1000
2014.02.28	18.70	18.75	18.50	18.75	1342	11242	1000
2014.03.03	18.90	19.50	18.90	19.35	1749	14979	1000
2014.03.04	19.40	20.10	19.40	19.90	1401	11661	1000
2014.03.05	20.10	20.20	19.60	19.65	1494	12609	1000
2014.03.06	19.65	19.75	19.35	19.35	878	6593	1000
2014.03.07	19.35	19.65	19.35	19.35	1176	9456	1000
2014.03.10	19.30	19.35	18.75	18.85	1014	7809	1000
2014.03.11	19.00	19.45	19.00	19.30	1267	10222	1000
2014.03.12	19.10	19.60	19.10	19.30	1148	9158	1000
2014.03.13	19.50	19.85	19.45	19.65	975	7455	1000
2014.03.14	19.55	19.80	19.55	19.55	797	5927	1000
2014.03.17	19.70	19.75	19.50	19.70	514	3394	1000
2014.03.18	19.70	19.70	19.20	19.30	1274	10409	1000
2014.03.19	19.45	19.55	19.20	19.35	672	4722	1000
2014.03.20	19.30	19.40	19.15	19.30	818	5903	1000
2014.03.21	19.30	19.45	19.10	19.25	732	5412	1000
2014.03.24	19.15	19.15	18.80	18.80	968	7403	1000
2014.03.25	18.90	19.20	18.80	19.05	973	7498	1000
2014.03.26	19.20	19.40	19.15	19.40	748	5518	1000
2014.03.27	19.25	19.40	18.90	19.05	672	4857	1000
2014.03.28	19.10	19.30	18.90	19.20	1078	8548	1000
2014.03.31	19.25	19.40	19.15	19.40	755	5480	1000
2014.04.01	19.40	19.40	19.25	19.35	799	5929	1000
2014.04.02	19.40	20.00	19.40	19.75	1218	9903	1000
2014.04.03	19.75	19.95	19.60	19.80	1227	9867	1000
2014.04.04	19.80	19.80	19.50	19.50	511	3301	1000
2014.04.08	19.40	19.60	19.00	19.00	1319	10814	1000
2014.04.09	19.10	19.35	19.10	19.10	813	6078	1000
2014.04.10	19.30	19.35	19.20	19.20	503	3158	1000
2014.04.11	19.20	19.50	19.15	19.50	603	4293	1000
2014.04.16	19.30	19.55	19.25	19.45	1195	9655	1000
2014.04.17	19.40	19.60	19.40	19.40	602	4112	1000
2014.04.18	19.45	19.50	19.20	19.20	264	1074	1000
2014.04.21	19.20	19.35	19.15	19.25	290	1505	1000
2014.04.22	19.30	19.35	19.15	19.30	516	3486	1000
2014.04.23	19.30	19.75	19.25	19.75	1098	8793	1000
2014.04.24	19.60	19.80	19.35	19.65	594	3969	1000
2014.04.25	19.65	19.85	19.45	19.45	587	3827	1000
2014.04.28	19.45	19.55	19.25	19.35	587	3737	1000
2014.04.29	19.40	19.60	19.25	19.55	588	4143	1000
2014.04.30	19.40	19.55	19.35	19.50	1038	8283	1000
2014.05.02	19.55	19.70	19.50	19.70	721	5221	1000
2014.05.06	19.70	19.80	19.40	19.40	274	1219	1000
2014.05.07	19.25	19.35	19.15	19.25	605	4160	1000
2014.05.08	19.25	19.40	18.80	19.00	989	7649	1000
2014.05.09	19.00	19.20	18.95	19.15	573	3633	1000
2014.05.12	19.10	19.15	18.95	19.00	447	2832	1000
2014.05.14	19.00	19.20	18.95	19.15	819	5904	1000
2014.05.15	19.10	19.35	19.10	19.30	892	6832	1000
2014.05.16	19.15	19.60	19.10	19.55	564	3849	1000
2014.05.19	19.55	19.55	19.40	19.50	303	1653	1000
2014.05.20	19.15	19.25	18.65	18.80	921	6906	1000
2014.05.21	18.70	19.15	18.70	19.00	681	4686	1000
2014.05.22	19.20	19.30	18.90	19.00	644	4379	1000
2014.05.23	18.35	18.60	18.35	18.55	1614	13674	1000
2014.05.26	18.50	18.50	18.05	18.10	1084	8509	1000
2014.05.27	18.10	18.25	17.95	18.05	1201	9706	1000
2014.05.28	18.15	18.60	18.10	18.40	1480	12415	1000
2014.05.29	18.45	18.65	18.25	18.35	1185	9600	1000
2014.05.30	18.40	18.75	18.35	18.75	944	7244	1000
2014.06.02	18.80	19.20	18.80	19.05	1047	8157	1000
2014.06.03	19.25	19.45	18.95	19.45	1052	8297	1000
2014.06.04	19.55	19.80	19.40	19.50	1142	9107	1000
2014.06.05	19.55	19.65	19.45	19.50	646	4516	1000
2014.06.06	19.60	19.80	19.55	19.55	685	4825	1000
2014.06.09	19.65	19.75	19.55	19.60	474	2904	1000
2014.06.10	19.65	19.75	19.45	19.75	1029	7914	1000
2014.06.11	19.70	19.75	19.40	19.60	728	5183	1000
2014.06.12	19.65	19.75	19.50	19.75	719	5354	1000
2014.06.13	19.90	20.40	19.85	19.95	1502	12707	1000
2014.06.16	20.00	20.10	19.75	19.90	768	5493	1000
2014.06.17	20.00	20.20	19.90	19.95	755	5885	1000
2014.06.18	20.00	20.00	19.40	19.40	857	6482	1000
2014.06.19	19.55	20.10	19.50	19.90	1019	8264	1000
2014.06.20	20.00	20.40	19.90	20.30	1211	10166	1000
2014.06.23	20.50	20.60	20.00	20.00	1778	15548	1000
2014.06.24	19.90	20.00	19.70	19.90	814	5989	1000
2014.06.25	19.85	20.10	19.80	19.95	900	7065	1000
2014.06.26	19.90	19.95	19.75	19.80	916	6946	1000
2014.06.27	19.70	20.00	19.70	19.85	808	6028	1000
2014.06.30	19.90	19.95	19.75	19.85	592	4057	1000
2014.07.02	19.85	19.90	19.65	19.70	1206	9846	1000
2014.07.03	19.70	19.80	19.65	19.70	712	5482	1000
2014.07.04	19.70	19.75	19.55	19.55	611	4211	1000
2014.07.07	19.65	19.65	19.40	19.45	881	6821	1000
2014.07.08	19.75	19.90	19.65	19.75	1111	8941	1000
2014.07.09	19.80	19.85	19.60	19.60	920	7175	1000
2014.07.10	19.70	20.00	19.65	20.00	890	6920	1000
2014.07.14	20.10	20.10	19.85	19.85	1071	8451	1000
2014.07.15	19.95	20.30	19.85	20.10	1225	10270	1000
2014.07.16	20.20	21.00	20.10	20.80	1544	13244	1000
2014.07.17	20.90	21.00	20.60	21.00	1214	10034	1000
2014.07.18	21.10	22.00	20.90	21.80	1396	11836	1000
2014.07.21	22.10	23.10	22.10	22.90	1869	16449	1000
2014.07.22	22.90	23.00	21.90	22.10	1688	14648	1000
2014.07.23	22.70	22.90	22.40	22.60	1588	13738	1000
2014.07.24	22.70	22.70	22.00	22.20	1140	9330	1000
2014.07.25	22.00	22.20	21.60	21.70	1016	8126	1000
2014.07.28	21.70	22.10	21.50	21.60	861	6711	1000
2014.07.29	21.70	21.80	21.40	21.40	845	6695	1000
2014.07.30	21.50	22.00	21.20	21.90	1132	9232	1000
2014.07.31	21.70	21.90	21.30	21.40	806	6296	1000
2014.08.01	21.00	21.60	20.80	21.50	966	7806	1000
2014.08.04	21.60	21.70	21.30	21.50	1429	12229	1000
2014.08.05	21.70	21.80	21.30	21.60	1040	8510	1000
2014.08.06	21.50	21.50	21.30	21.30	912	7392	1000
2014.08.07	21.60	22.00	21.40	21.90	993	8103	1000
2014.08.08	21.60	22.00	21.50	22.00	570	4260	1000
2014.08.13	22.10	22.10	21.50	21.90	1749	15339	1000
2014.08.14	22.00	22.00	21.30	21.40	1916	16856	1000
2014.08.15	21.50	21.80	21.40	21.60	1058	8618	1000
2014.08.18	21.60	21.90	21.60	21.80	590	4730	1000
2014.08.19	21.90	22.00	21.60	21.80	706	5476	1000
2014.08.20	22.00	22.50	21.90	22.40	1241	10421	1000
2014.08.21	22.40	22.60	21.90	22.10	1177	9727	1000
2014.08.22	22.50	23.10	22.10	22.80	1360	11440	1000
2014.08.25	23.30	24.10	23.10	23.70	1173	9633	1000
2014.08.26	23.70	23.80	23.30	23.50	1031	8231	1000
2014.08.27	23.50	23.70	23.50	23.50	866	6986	1000
2014.08.28	23.50	23.60	23.10	23.60	1005	8115	1000
2014.08.29	23.40	23.80	23.40	23.70	763	6073	1000
2014.09.01	23.80	24.10	23.60	23.90	1137	9507	1000
2014.09.02	23.90	24.10	23.70	23.70	648	4968	1000
2014.09.03	23.90	24.60	23.70	24.50	1215	10035	1000
2014.09.04	24.50	24.50	24.00	24.00	1028	8318	1000
2014.09.05	24.20	24.30	24.00	24.10	716	5576	1000
2014.09.08	24.20	24.30	23.80	23.80	800	6110	1000
2014.09.09	24.00	24.10	23.60	23.60	1084	9004	1000
2014.09.10	23.50	23.60	23.20	23.30	1298	11108	1000
2014.09.11	23.50	24.10	23.40	23.90	983	7913	1000
2014.09.12	24.10	24.10	23.70	24.10	956	7796	1000
2014.09.15	24.10	24.10	23.70	23.80	1611	14211	1000
2014.09.16	23.90	23.90	23.50	23.60	1365	11535	1000
2014.09.17	23.50	23.70	23.30	23.50	1174	9724	1000
2014.09.18	23.60	23.90	23.50	23.80	616	4846	1000
2014.09.19	23.90	24.00	23.70	23.90	1078	8998	1000
2014.09.22	23.90	24.80	23.80	24.20	1306	11296	1000
2014.09.23	24.40	24.60	24.10	24.40	2661	24261	1000
2014.09.24	24.60	24.70	24.00	24.40	1978	17458	1000
2014.09.25	24.40	24.50	24.10	24.50	779	5909	1000
2014.09.26	24.50	24.50	24.10	24.30	867	6987	1000
2014.09.29	24.30	24.50	24.00	24.20	1898	16748	1000
2014.09.30	24.00	24.30	23.90	23.90	922	7402	1000
2014.10.01	23.80	24.00	23.60	23.80	1484	12734	1000
2014.10.02	23.70	24.00	23.50	23.60	1483	12823	1000
2014.10.03	23.60	23.90	23.40	23.70	571	3901	1000
2014.10.06	23.90	23.90	22.90	22.90	1875	16455	1000
2014.10.07	23.00	23.10	22.60	22.70	1501	12751	1000
2014.10.08	22.50	22.50	22.10	22.40	2025	18135	1000
2014.10.09	22.50	22.80	22.20	22.30	1280	10730	1000
2014.10.10	22.20	22.30	21.80	21.90	1384	11734	1000
2014.10.13	21.60	22.20	21.30	22.00	1013	8213	1000
2014.10.14	22.00	22.70	22.00	22.50	1274	10724	1000
2014.10.15	22.70	22.90	22.60	22.60	775	5905	1000
2014.10.16	22.50	22.70	21.90	22.00	933	7503	1000
2014.10.17	22.40	22.40	21.70	22.00	1347	11337	1000
2014.10.20	22.30	22.60	22.30	22.40	892	7102	1000
2014.10.21	22.50	22.90	22.40	22.80	1275	10995	1000
2014.10.22	23.00	23.00	22.60	22.90	1811	16211	1000
2014.10.24	23.00	23.60	22.80	23.60	2097	18567	1000
2014.10.27	23.60	23.60	23.20	23.30	1273	10903	1000
2014.10.28	23.40	24.20	23.40	24.20	1256	10526	1000
2014.10.29	24.30	24.40	23.90	24.00	989	8099	1000
2014.10.30	24.00	24.30	23.90	24.00	823	6583	1000
2014.10.31	24.10	24.40	24.00	24.20	646	4966	1000
2014.11.03	24.40	24.40	24.10	24.10	591	4551	1000
2014.11.04	24.30	24.70	24.00	24.60	1264	10714	1000
2014.11.05	24.50	24.70	24.40	24.60	1235	10505	1000
2014.11.06	24.60	24.60	24.30	24.50	900	7380	1000
2014.11.07	24.60	24.60	24.30	24.40	970	8080	1000
2014.11.10	24.50	24.50	24.10	24.10	929	7679	1000
2014.11.11	24.50	24.50	24.10	24.40	724	5674	1000
2014.11.12	24.40	24.50	24.10	24.30	1035	8865	1000
2014.11.13	24.30	25.00	24.10	25.00	1252	10882	1000
2014.11.14	24.90	25.00	24.50	24.70	931	7591	1000
2014.11.17	24.50	24.80	24.50	24.50	515	3845	1000
2014.11.18	24.50	25.20	24.50	25.00	1096	9286	1000
2014.11.19	25.20	25.20	25.00	25.10	621	5031	1000
2014.11.20	25.40	25.70	25.30	25.50	2156	19166	1000
2014.11.21	25.30	26.80	25.30	26.40	1350	11520	1000
2014.11.24	26.70	26.70	26.10	26.40	1360	11530	1000
2014.11.25	26.30	26.40	25.80	26.20	1231	10411	1000
2014.11.26	26.10	26.50	26.00	26.10	972	8172	1000
2014.11.27	26.50	27.80	26.50	27.10	1948	17338	1000
2014.11.28	27.10	28.10	27.10	27.80	1481	12731	1000
2014.12.01	27.40	28.60	27.40	28.40	1622	14042	1000
2014.12.02	28.60	29.20	28.00	28.50	1909	16759	1000
2014.12.03	28.80	28.80	28.20	28.80	1442	12602	1000
2014.12.04	29.20	29.50	28.90	29.50	1313	11303	1000
2014.12.08	29.50	29.80	28.40	28.50	2420	21860	1000
2014.12.09	28.60	29.00	28.50	28.50	1017	8307	1000
2014.12.11	28.10	28.40	27.30	28.20	2600	23660	1000
2014.12.12	28.20	28.50	27.70	27.80	1682	14642	1000
2014.12.15	27.50	28.00	24.50	28.00	4867	46177	1000
2014.12.16	26.50	28.00	26.10	27.40	2509	22669	1000
2014.12.17	27.40	27.50	26.60	26.60	1860	16350	1000
2014.12.18	27.20	27.80	27.00	27.80	1670	14450	1000
2014.12.19	28.20	28.20	27.50	27.70	1889	16559	1000
2014.12.22	27.90	28.50	27.90	28.50	792	6192	1000
2014.12.23	28.50	28.60	28.10	28.20	974	7994	1000
2014.12.24	28.40	28.50	27.80	27.90	749	5789	1000
2014.12.25	27.80	27.80	27.40	27.60	734	5774	1000
2014.12.26	27.60	28.10	27.40	27.80	390	2550	1000
2014.12.29	28.00	28.00	27.50	27.70	1094	9104	1000
2014.12.30	27.50	28.20	27.40	28.20	815	6485	1000
2015.01.05	27.90	28.00	27.20	27.30	1317	11307	1000
2015.01.06	26.90	27.40	26.70	27.20	2173	19453	1000
2015.01.07	27.50	28.30	27.50	28.30	1805	15935	1000
2015.01.08	28.90	29.00	28.60	28.90	1488	12738	1000
2015.01.09	29.10	29.30	28.90	29.10	1413	12123	1000
2015.01.12	29.00	29.40	28.90	29.10	684	5184	1000
2015.01.13	28.90	29.30	28.80	29.00	1303	11023	1000
2015.01.14	29.30	29.30	28.40	28.40	723	5043	1000
2015.01.15	28.60	29.20	28.60	28.90	702	5292	1000
2015.01.16	28.60	29.00	28.60	28.90	727	5497	1000
2015.01.19	29.10	29.20	28.70	29.00	648	5058	1000
2015.01.20	29.20	29.20	28.80	29.00	705	5475	1000
2015.01.21	29.20	29.20	28.80	29.00	1687	14737	1000
2015.01.22	29.20	29.50	29.10	29.50	1672	14632	1000
2015.01.23	29.70	31.10	29.70	31.00	3401	31571	1000
2015.01.26	30.80	32.00	30.80	31.40	2270	20450	1000
2015.01.27	31.40	31.70	31.10	31.30	940	7690	1000
2015.01.28	31.40	31.70	30.90	31.10	862	6982	1000
2015.01.29	31.00	31.20	30.50	30.90	1130	9410	1000
2015.01.30	31.00	32.40	31.00	32.40	1835	16055	1000
2015.02.02	31.80	32.40	31.60	32.40	1370	11540	1000
2015.02.03	32.80	33.30	32.20	32.20	1645	14335	1000
2015.02.04	32.30	32.50	31.40	31.40	2119	18859	1000
2015.02.05	31.40	32.00	31.30	31.60	1184	9914	1000
2015.02.06	31.60	32.20	31.60	32.00	1978	17728	1000
2015.02.09	32.00	32.00	31.40	31.40	856	6796	1000
2015.02.10	31.80	31.80	31.00	31.50	1654	14344	1000
2015.02.11	31.80	32.10	31.50	31.90	1257	10617	1000
2015.02.12	31.90	31.90	31.30	31.60	2094	18834	1000
2015.02.13	31.60	31.70	31.20	31.20	1054	8704	1000
2015.02.16	31.20	31.50	30.60	31.20	1391	11741	1000
2015.02.17	31.00	31.30	30.70	30.70	775	5815	1000
2015.02.18	30.70	31.30	30.70	31.30	481	3271	1000
2015.02.19	31.40	31.40	30.20	30.70	1040	8600	1000
2015.02.20	30.90	31.30	30.70	31.10	652	4972	1000
2015.02.23	31.20	31.20	30.60	30.70	1152	9792	1000
2015.02.24	30.80	31.10	30.60	30.60	1424	12224	1000
2015.02.25	30.70	30.90	30.40	30.40	1633	14413	1000
2015.02.26	30.20	31.40	30.20	31.40	1736	15236	1000
2015.02.27	31.10	31.40	30.90	30.90	1302	11112	1000
2015.03.02	30.60	30.80	29.90	30.30	2417	21857	1000
2015.03.03	30.00	30.20	29.70	29.70	1692	14652	1000
2015.03.05	29.70	29.70	29.00	29.30	1669	14629	1000
2015.03.06	29.30	30.20	29.30	30.10	1311	11211	1000
2015.03.09	29.60	30.20	29.50	29.70	1645	14425	1000
2015.03.10	29.80	30.00	29.30	29.50	1271	10721	1000
2015.03.11	29.50	29.80	29.30	29.70	1319	11309	1000
2015.03.12	29.80	29.80	29.50	29.60	1470	12810	1000
2015.03.13	29.90	29.90	29.40	29.50	1798	15838	1000
2015.03.16	29.50	29.60	29.30	29.40	1461	12621	1000
2015.03.17	29.50	29.50	29.00	29.10	1220	10310	1000
2015.03.18	29.10	30.00	29.10	29.80	1014	8394	1000
2015.03.19	30.10	30.40	29.90	29.90	1116	9396	1000
2015.03.20	29.80	30.20	29.30	29.70	1060	8710	1000
2015.03.23	29.90	30.40	29.90	30.30	1415	12035	1000
2015.03.24	30.40	30.40	29.70	29.80	1488	12738	1000
2015.03.25	29.80	30.20	29.70	30.10	609	4389	1000
2015.03.26	29.90	30.10	29.50	29.50	1177	10087	1000
2015.03.27	29.40	29.60	28.60	29.30	1026	8316	1000
2015.03.30	29.60	29.60	27.90	28.00	2292	20562	1000
2015.03.31	28.20	28.30	27.40	28.00	2997	27567	1000
2015.04.01	28.50	29.30	28.30	29.10	1906	16666	1000
2015.04.02	29.40	29.70	29.10	29.30	2146	19336	1000
2015.04.03	29.40	29.40	29.10	29.20	461	3071	1000
2015.04.07	29.30	29.50	28.90	29.10	1543	13243	1000
2015.04.08	29.30	29.60	29.10	29.20	1817	16127	1000
2015.04.09	29.20	29.50	29.20	29.30	1560	13530	1000
2015.04.10	29.30	29.30	29.10	29.30	1066	8896	1000
2015.04.16	29.30	30.10	29.00	30.00	2757	25167	1000
2015.04.17	30.00	30.00	29.20	29.20	2046	18246	1000
2015.04.20	29.30	29.60	29.10	29.40	2132	18962	1000
2015.04.21	29.50	29.60	29.20	29.20	2008	17848	1000
2015.04.22	29.30	29.40	29.00	29.10	1178	9728	1000
2015.04.23	29.20	29.40	28.90	29.10	1121	9221	1000
2015.04.24	29.30	29.60	29.20	29.50	1251	10701	1000
2015.04.27	29.50	29.50	29.10	29.20	880	7180	1000
2015.04.28	29.20	29.20	28.70	29.10	1717	14947	1000
2015.04.29	28.80	29.10	28.70	28.90	1746	15426	1000
2015.04.30	28.80	29.00	28.60	29.00	1263	10803	1000
2015.05.06	28.70	29.20	28.60	29.20	2548	23068	1000
2015.05.07	28.80	29.20	28.80	28.80	1892	16922	1000
2015.05.08	28.90	29.00	28.70	28.80	1629	14319	1000
2015.05.11	29.00	29.40	28.90	28.90	1469	12719	1000
2015.05.12	28.90	29.00	28.40	28.80	1411	12031	1000
2015.05.13	28.70	28.90	28.50	28.90	2101	18931	1000
2015.05.14	28.80	29.20	28.50	28.70	2732	24962	1000
2015.05.15	29.10	29.10	28.40	28.80	1595	13745	1000
2015.05.18	29.00	29.20	28.60	28.60	1122	9402	1000
2015.05.19	28.80	29.90	28.70	29.90	1747	15157	1000
2015.05.20	30.00	30.20	29.80	30.10	1754	15254	1000
2015.05.21	30.20	30.80	30.10	30.60	2065	18355	1000
2015.05.22	30.70	30.70	30.30	30.30	1430	11960	1000
2015.05.25	30.30	30.30	29.30	29.40	1201	10021	1000
2015.05.26	29.50	29.90	29.10	29.20	1288	11008	1000
2015.05.27	29.20	29.80	29.00	29.80	2313	21123	1000
2015.05.28	29.90	29.90	29.50	29.60	1520	12950	1000
2015.05.29	29.60	30.20	29.50	29.80	1649	1980	1000
2015.06.02	30.00	30.50	29.70	30.20	2619	3133	1000
2015.06.03	30.40	30.70	30.00	30.00	2148	2310	1000
2015.06.04	30.20	30.40	29.80	30.30	2881	2491	1000
2015.06.05	30.30	31.00	30.30	30.80	2262	2821	2000
2015.06.08	30.80	30.90	30.50	30.80	2100	1688	1000
2015.06.09	30.90	31.50	30.80	31.00	2661	4204	1000
2015.06.10	31.10	31.60	31.10	31.50	2505	2499	1000
2015.06.11	31.70	31.70	31.30	31.40	3008	2555	1000
2015.06.12	31.50	31.70	30.70	31.00	1086	1845	1000
2015.06.15	31.00	31.40	30.90	30.90	1586	1782	1000
2015.06.16	31.00	31.40	30.90	31.30	1757	1446	1000
2015.06.17	31.50	31.90	31.30	31.70	2256	2295	1000
2015.06.18	31.70	32.20	30.40	30.70	2522	6683	1000
2015.06.19	29.40	29.50	29.00	29.00	3799	11116	1000
2015.06.22	29.30	29.90	29.20	29.60	2937	5038	1000
2015.06.23	29.80	30.00	29.50	29.60	2780	3344	1000
2015.06.24	29.70	30.50	29.60	30.50	3136	3988	1000
2015.06.25	30.20	30.90	29.90	30.00	3057	4380	1000
2015.06.26	30.30	30.70	30.20	30.60	2045	2523	1000
2015.06.29	30.20	30.80	30.00	30.40	1931	3013	1000
2015.06.30	30.70	30.80	30.30	30.30	1986	2101	1000
2015.07.02	30.50	30.90	30.40	30.70	2805	2687	1000
2015.07.03	30.90	31.30	30.80	31.00	1769	2227	1000
2015.07.06	30.80	31.00	30.40	30.60	990	1401	1000
2015.07.07	30.80	30.90	30.50	30.70	1385	1831	1000
2015.07.08	30.70	30.90	30.30	30.30	1217	1981	1000
2015.07.09	30.50	30.80	30.50	30.50	1252	1331	1000
2015.07.10	30.80	31.10	30.70	30.90	1203	1673	1000
2015.07.13	31.00	31.30	30.80	31.10	1074	1619	1000
2015.07.14	31.40	31.40	31.10	31.10	1626	1320	1000
2015.07.15	31.00	31.20	30.40	30.40	1204	2498	1000
2015.07.16	30.00	30.20	29.50	29.70	2502	4873	1000
2015.07.17	29.90	30.00	29.70	29.80	2301	2106	1000
2015.07.20	29.70	29.80	29.40	29.40	1817	1752	1000
2015.07.21	29.60	29.60	29.10	29.20	2113	2361	1000
2015.07.22	29.10	29.50	28.70	29.40	1988	2648	1000
2015.07.23	29.50	29.90	29.40	29.50	1269	1852	1000
2015.07.24	29.40	29.70	29.30	29.50	1406	1365	1000
2015.07.27	29.40	29.50	28.90	29.10	1295	11105	1000
2015.07.28	29.00	29.30	28.60	28.90	2386	21466	1000
2015.07.29	28.90	29.50	28.80	29.30	2264	2422	1000
2015.07.31	29.70	29.90	29.30	29.40	3166	2940	1000
2015.08.03	29.30	29.60	29.20	29.60	1117	1018	1000
2015.08.04	29.30	29.40	28.90	28.90	2274	2823	1000
2015.08.05	29.10	29.40	29.00	29.20	1625	1367	1000
2015.08.06	29.10	29.30	28.80	28.80	2031	3324	3000
2015.08.07	28.80	29.10	28.70	29.10	1960	1499	1000
2015.08.10	28.80	29.00	28.40	28.40	1677	2709	1000
2015.08.11	28.60	28.70	27.20	27.30	2432	6678	1000
2015.08.13	27.40	28.10	26.60	27.80	2902	7196	1000
2015.08.14	27.80	28.50	27.70	28.30	2200	2767	1000
2015.08.17	28.40	29.00	28.30	28.70	2203	2885	1000
2015.08.18	26.20	27.10	26.20	26.80	4614	20861	7000
2015.08.19	26.80	27.00	26.20	26.20	3553	8129	2000
2015.08.20	26.20	27.20	26.10	26.80	2432	5947	1000
2015.08.21	26.60	26.80	26.40	26.50	1774	2694	1000
2015.08.24	26.00	26.30	25.20	25.40	3503	6835	1000
2015.08.25	25.90	26.50	25.50	26.30	2337	4735	1000
2015.08.26	26.20	26.80	26.20	26.50	2020	2485	1000
2015.08.27	27.00	27.30	26.70	27.20	3705	3715	1000
2015.08.28	27.50	27.50	26.90	27.10	1668	2392	1000
2015.08.31	27.20	27.60	27.10	27.60	1926	2759	1000
2015.09.01	27.60	27.60	27.20	27.40	2255	1832	1000
2015.09.02	27.40	27.80	27.10	27.70	2194	3235	1000
2015.09.03	27.80	28.00	27.70	28.00	1503	1933	1000
2015.09.04	27.60	27.90	27.60	27.70	1907	1603	1000
2015.09.07	27.50	27.80	27.40	27.60	1477	1445	1000
2015.09.08	27.50	28.20	27.50	28.10	1544	2015	1000
2015.09.09	28.30	28.90	28.20	28.70	2068	3075	1000
2015.09.10	28.50	28.80	28.50	28.50	1499	1453	1000
2015.09.11	28.70	28.70	28.10	28.10	1128	1504	1000
2015.09.14	28.10	28.20	27.10	27.10	1947	4083	1000
2015.09.15	27.10	27.40	27.00	27.10	1794	2213	1000
2015.09.16	27.40	27.90	27.30	27.70	1631	2352	1000
2015.09.17	27.90	28.10	27.70	27.90	1469	2124	1000
2015.09.18	28.00	28.20	27.80	28.00	1905	1864	1000
2015.09.21	27.70	28.00	27.70	27.90	648	852	1000
2015.09.22	28.10	28.10	27.50	27.60	2028	1922	1000
2015.09.23	27.40	27.80	27.40	27.60	1721	1883	1000
2015.09.24	27.70	28.00	27.50	27.90	1357	1464	1000
2015.09.25	28.00	28.30	27.70	28.20	1317	1622	1000
2015.09.28	27.90	28.10	27.80	27.80	1291	1493	1000
2015.09.29	27.70	28.10	27.60	27.80	2305	2073	1000
2015.09.30	27.90	28.20	27.80	28.10	2498	2489	1000
2015.10.01	28.30	28.30	27.90	28.00	1145	1355	1000
2015.10.02	28.20	28.40	28.00	28.20	2668	1639	1000
2015.10.05	28.50	29.30	28.40	29.30	2161	3480	1000
2015.10.06	29.30	29.60	29.10	29.40	1618	2209	1000
2015.10.07	29.50	29.60	29.30	29.50	2406	1967	1000
2015.10.08	29.50	29.60	29.20	29.50	1505	1466	1000
2015.10.09	29.60	29.80	29.50	29.60	1065	1536	1000
2015.10.12	29.70	29.70	29.00	29.30	1608	2149	1000
2015.10.13	29.30	29.60	29.20	29.40	1283	1479	1000
2015.10.14	29.50	29.80	29.40	29.50	1279	1702	1000
2015.10.15	29.70	30.10	29.70	30.00	1595	2280	1000
2015.10.16	30.30	30.50	30.00	30.10	2536	2692	1000
2015.10.19	30.30	30.30	29.80	29.80	1389	1486	1000
2015.10.20	29.70	30.20	29.60	30.00	991	1162	1000
2015.10.21	30.10	30.20	29.80	30.00	1099	1067	1000
2015.10.22	30.10	30.20	29.80	29.80	1711	1233	1000
2015.10.26	30.20	30.30	29.90	30.20	1277	994	1000
2015.10.27	30.20	30.30	29.90	30.10	788	1189	1000
2015.10.28	29.90	30.30	29.80	29.90	1418	1529	1000
2015.10.29	29.90	30.10	29.30	29.50	2088	2618	1000
2015.10.30	29.60	29.80	29.50	29.80	2562	1714	1000
2015.11.02	29.90	30.40	29.70	30.40	1769	2006	1000
2015.11.03	30.50	30.50	30.20	30.50	2912	2523	1000
2015.11.04	30.50	30.90	30.40	30.70	2024	2281	1000
2015.11.05	30.70	30.80	30.40	30.80	1490	1237	1000
2015.11.06	30.80	30.90	30.60	30.80	958	890	1000
2015.11.09	30.80	31.00	30.70	30.90	1478	1551	1000
2015.11.10	30.70	31.40	30.70	31.10	1751	2680	1000
2015.11.11	31.00	31.10	30.60	30.60	914	1488	1000
2015.11.12	30.50	31.00	30.50	30.70	2205	1451	1000
2015.11.13	30.70	31.10	30.70	31.10	1947	1425	1000
2015.11.16	30.70	31.20	30.70	31.20	1151	1702	1000
2015.11.17	31.20	31.50	31.10	31.50	739	1636	1000
2015.11.18	31.50	32.00	31.20	31.30	1820	2436	1000
2015.11.19	31.60	32.00	31.40	31.80	1750	1921	1000
2015.11.20	31.80	32.80	31.80	32.30	1994	3892	1000
2015.11.23	32.50	32.60	31.90	31.90	1900	1803	1000
2015.11.24	32.10	32.40	31.80	31.90	1357	1756	1000
2015.11.25	32.00	32.20	31.00	31.30	1822	2877	1000
2015.11.26	31.30	31.60	31.00	31.10	1717	1975	1000
2015.11.27	31.10	31.30	30.50	30.60	1495	2941	1000
2015.11.30	30.70	31.40	30.70	31.10	1626	2452	1000
2015.12.01	31.50	32.50	31.40	32.40	1732	3610	1000
2015.12.02	32.00	32.30	31.70	32.20	1540	2618	1000
2015.12.03	32.20	32.40	31.90	32.00	1539	1949	1000
2015.12.04	31.90	32.20	31.70	32.20	1343	1714	1000
2015.12.08	32.00	32.20	31.70	31.80	1620	1756	1000
2015.12.09	32.00	32.00	31.40	31.40	1374	1874	1000
2015.12.11	32.00	32.70	32.00	32.70	2226	2857	1000
2015.12.14	32.10	32.30	31.70	32.30	2198	2242	1000
2015.12.15	32.30	32.40	31.90	32.30	1674	1791	1000
2015.12.16	32.50	33.90	32.40	33.10	1714	3437	1000
2015.12.17	33.30	33.70	33.20	33.70	1832	1831	1000
2015.12.18	33.50	33.80	33.50	33.70	1468	1210	1000
2015.12.21	33.70	35.00	33.60	34.70	1926	3024	1000
2015.12.22	35.00	35.30	34.50	35.00	2544	2544	1000
2015.12.23	35.20	35.20	33.80	34.10	1940	3036	1000
2015.12.24	34.50	34.90	34.10	34.80	1313	1801	1000
2015.12.25	34.90	34.90	34.40	34.70	272	677	1000
2015.12.28	34.60	34.90	34.20	34.40	556	1062	1000
2015.12.29	34.50	35.10	34.20	35.00	1263	1605	1000
2015.12.30	35.20	35.30	34.50	34.60	986	1410	1000
2016.01.04	34.90	35.10	33.90	34.30	1613	2525	1000
2016.01.05	34.40	34.50	33.90	34.00	2025	2074	1000
2016.01.06	34.00	34.30	33.80	34.00	1638	1959	1000
2016.01.07	33.80	33.80	33.30	33.70	2178	2511	1000
2016.01.08	33.90	34.10	33.60	33.80	2521	2676	1000
2016.01.11	33.60	33.70	32.60	33.30	2216	3539	1000
2016.01.12	33.40	34.50	33.40	34.40	1692	3032	1000
2016.01.13	34.80	35.00	34.50	34.50	2403	2683	1000
2016.01.14	34.70	34.80	34.00	34.40	1741	1900	1000
2016.01.15	34.50	35.30	34.20	34.60	1818	3332	1000
2016.01.18	34.50	35.20	34.30	35.10	986	1835	1000
2016.01.19	34.90	35.50	34.60	34.80	1621	3180	1000
2016.01.20	34.50	34.90	34.00	34.00	1748	3332	1000
2016.01.21	34.60	35.00	34.20	34.90	2233	2945	1000
2016.01.22	35.20	35.20	34.70	35.00	1461	1617	1000
2016.01.25	35.10	35.10	34.70	34.70	2246	1958	1000
2016.01.26	34.70	35.20	34.70	35.10	1716	1978	1000
2016.01.27	35.10	35.60	35.00	35.60	1597	2323	1000
2016.01.28	35.90	37.00	35.90	37.00	1462	3280	1000
2016.01.29	37.10	37.80	36.70	37.80	1506	2623	1000
2016.02.01	37.90	38.00	37.00	37.20	2067	2866	1000
2016.02.02	37.40	37.70	37.20	37.20	2142	2597	1000
2016.02.03	36.80	36.90	36.30	36.90	2394	3348	1000
2016.02.04	36.90	37.40	36.80	37.40	1850	2163	1000
2016.02.05	37.50	37.50	37.00	37.50	1100	1468	1000
2016.02.08	37.60	37.70	37.40	37.40	731	1109	1000
2016.02.09	37.20	37.40	36.90	37.20	1719	1821	1000
2016.02.10	37.00	37.20	36.70	36.90	1276	1529	1000
2016.02.11	36.90	37.30	36.80	36.80	1543	1785	1000
2016.02.12	37.10	37.10	36.50	36.60	1507	1936	1000
2016.02.15	37.00	37.30	36.80	36.90	1515	1457	1000
2016.02.16	37.60	38.30	37.60	38.00	1629	3124	1000
2016.02.17	38.10	40.00	38.00	39.60	3076	4674	1000
2016.02.18	40.00	41.60	39.90	40.00	7280	4675	1000
2016.02.19	40.00	40.40	39.70	40.00	3017	2908	1000
2016.02.23	40.00	41.20	40.00	40.40	5672	4366	1000
2016.02.24	40.40	41.00	40.20	41.00	4781	2089	1000
2016.02.25	40.60	41.00	39.40	39.50	3396	4419	1000
2016.02.26	39.90	40.20	39.70	40.00	2111	1828	1000
2016.02.29	40.00	40.40	39.90	39.90	2838	1172	1000
2016.03.01	40.00	40.60	39.90	40.40	4365	1818	1000
2016.03.02	40.80	41.80	40.60	41.20	3709	3591	1000
2016.03.03	41.80	42.80	41.40	42.20	5603	3943	1000
2016.03.04	42.60	43.00	42.00	42.20	6001	4171	1000
2016.03.07	42.00	42.60	41.60	42.20	3597	3353	1000
2016.03.08	41.80	42.00	40.40	40.40	5195	4401	1000
2016.03.09	41.00	41.40	40.80	41.20	2855	1782	1000
2016.03.10	41.00	41.20	40.40	40.60	3340	2149	1000
2016.03.11	40.80	41.80	40.60	41.20	6265	3385	1000
2016.03.14	41.60	41.80	41.00	41.60	4511	1662	1000
2016.03.15	40.60	41.20	40.60	41.20	6075	3269	1000
2016.03.16	41.20	41.20	40.00	40.20	4719	3977	1000
2016.03.17	40.40	40.60	40.20	40.20	7117	2924	1000
2016.03.18	40.20	40.60	40.20	40.60	5416	2117	1000
2016.03.21	40.40	40.60	40.00	40.40	3866	2198	1000
2016.03.22	40.40	40.60	39.10	39.40	4603	7464	1000
2016.03.23	39.20	39.70	38.70	39.70	3380	6158	1000
2016.03.24	39.60	40.40	39.50	40.00	3141	3045	1000
2016.03.25	40.20	40.40	39.60	39.60	1127	1542	1000
2016.03.28	39.70	39.90	39.30	39.70	685	1318	1000
2016.03.29	39.60	39.70	39.00	39.30	2142	3149	1000
2016.03.30	39.60	40.40	39.40	39.90	4540	4969	1000
2016.03.31	39.70	40.40	39.60	40.20	4394	2955	1000
2016.04.01	40.00	40.20	39.60	39.60	2734	2239	1000
2016.04.04	39.50	39.80	39.10	39.10	2194	2754	1000
2016.04.05	39.00	39.40	38.80	38.80	2905	4166	1000
2016.04.07	38.80	38.90	37.30	37.60	2640	6842	1000
2016.04.08	37.90	39.00	37.80	39.00	2274	4063	1000
2016.04.11	39.00	39.30	38.70	38.70	1178	1962	1000
2016.04.12	39.00	39.30	38.70	39.30	1486	2045	1000
2016.04.18	38.90	39.70	38.80	39.70	2586	3426	1000
2016.04.19	39.80	40.60	39.60	40.40	2861	3230	1000
2016.04.20	40.20	40.40	39.90	40.40	5905	2949	1000
2016.04.21	40.60	41.00	40.00	40.20	4117	2587	1000
2016.04.22	41.20	41.40	40.60	40.60	4697	2518	1000
2016.04.25	40.40	40.80	40.40	40.60	3096	1093	1000
2016.04.26	40.80	41.20	40.60	40.60	3166	2133	1000
2016.04.27	40.80	40.80	40.20	40.20	4187	1666	1000
2016.04.28	40.20	40.40	39.20	39.30	2823	4773	1000
2016.04.29	39.20	39.30	38.70	39.20	2110	3911	1000
2016.05.03	39.40	39.70	39.20	39.50	1919	2249	1000
2016.05.04	39.30	39.40	39.10	39.40	2460	2488	1000
2016.05.09	39.70	39.70	39.20	39.60	2314	2319	1000
2016.05.10	39.40	39.70	39.00	39.10	2255	2651	1000
2016.05.11	39.00	39.30	38.80	38.80	1946	2128	1000
2016.05.12	38.80	39.60	38.80	39.60	1440	2034	1000
2016.05.13	39.60	40.00	39.60	39.60	2273	2625	1000
2016.05.16	39.60	40.20	38.90	39.10	2029	3068	1000
2016.05.17	39.30	39.50	39.10	39.50	1588	2031	1000
2016.05.18	39.50	39.60	39.20	39.30	2369	1801	1000
2016.05.19	39.20	39.40	39.10	39.30	2587	2198	1000
2016.05.23	39.50	39.70	39.30	39.60	3584	3306	1000
2016.05.24	39.70	39.80	39.10	39.40	3065	2522	1000
2016.05.25	39.60	39.60	39.20	39.60	2145	1489	1000
2016.05.26	39.50	39.60	39.20	39.30	2018	1420	1000
2016.05.27	39.30	39.50	39.10	39.30	2554	2310	1000
2016.05.30	39.60	39.60	39.00	39.30	2435	2516	1000
2016.05.31	39.30	39.80	39.20	39.60	2220	3301	1000
2016.06.01	39.50	39.60	39.00	39.00	2954	2939	1000
2016.06.02	38.90	39.00	38.60	38.70	2908	4740	1000
2016.06.03	38.60	39.10	38.40	39.00	2620	3484	1000
2016.06.06	39.10	39.10	38.70	38.70	2596	2758	1000
2016.06.07	38.80	39.10	38.70	38.70	2400	2771	1000
2016.06.08	38.70	39.00	38.60	38.90	1874	2084	1000
2016.06.09	38.80	38.90	38.50	38.60	2215	2489	1000
2016.06.10	38.50	38.80	38.50	38.70	1167	1569	1000
2016.06.13	38.50	38.90	38.40	38.60	1268	953	1000
2016.06.14	38.60	38.90	38.60	38.70	2610	1745	1000
2016.06.15	38.80	39.00	38.60	39.00	2080	1459	1000
2016.06.16	38.80	38.90	38.30	38.40	1939	2180	1000
2016.06.17	38.50	38.70	38.40	38.50	2096	1543	1000
2016.06.20	38.50	38.70	38.40	38.50	1590	1461	1000
2016.06.21	38.50	38.60	37.90	38.60	2438	4334	1000
2016.06.22	38.60	39.10	38.50	38.90	1997	2393	1000
2016.06.23	38.80	39.20	38.60	39.20	2076	2104	1000
2016.06.24	38.90	39.00	38.20	38.30	1598	3930	1000
2016.06.27	38.30	38.90	38.30	38.80	616	1247	1000
2016.06.28	38.70	38.90	38.50	38.90	1625	1616	1000
2016.06.29	39.00	39.00	38.60	38.70	1680	1936	1000
2016.06.30	38.80	39.00	38.60	39.00	1382	1690	1000
2016.07.04	39.10	39.30	38.90	39.10	2187	2529	1000
2016.07.05	39.20	39.30	38.70	39.20	1016	1458	1000
2016.07.06	38.90	39.00	38.70	38.70	1313	1451	1000
2016.07.07	38.90	38.90	38.40	38.50	1580	1655	1000
2016.07.08	38.40	38.70	38.40	38.50	1904	1871	1000
2016.07.11	38.60	38.70	38.50	38.50	2180	1539	1000
2016.07.12	38.50	38.60	38.40	38.40	3483	2234	1000
2016.07.13	38.30	38.60	38.10	38.40	2335	2327	1000
2016.07.14	38.50	38.70	38.20	38.30	2247	2657	1000
2016.07.15	38.50	38.70	38.30	38.30	2847	2620	1000
2016.07.20	38.40	39.10	38.30	39.10	3229	29869	1000
2016.07.21	39.40	39.80	39.30	39.30	2987	4628	1000
2016.07.22	39.40	39.50	39.20	39.30	1596	1982	1000
2016.07.25	39.40	39.80	39.40	39.70	2302	2669	1000
2016.07.26	39.90	40.00	39.30	39.40	3116	3965	1000
2016.07.27	39.60	39.70	39.60	39.70	1856	1479	1000
2016.07.28	39.70	39.80	39.40	39.60	1746	1616	1000
2016.07.29	39.70	39.90	39.50	39.50	1996	2043	1000
2016.08.01	39.80	39.80	39.50	39.60	1735	1922	1000
2016.08.02	39.50	39.60	39.20	39.20	1730	1155	1000
2016.08.03	39.20	39.40	38.90	39.20	1672	2094	1000
2016.08.04	39.20	39.30	39.00	39.00	1736	1059	1000
2016.08.05	39.30	39.50	39.30	39.50	1069	1216	1000
2016.08.08	40.20	41.20	40.00	41.20	4027	5412	1000
2016.08.09	41.20	42.00	41.00	41.60	5277	3933	1000
2016.08.10	41.80	42.00	41.40	41.60	3707	2075	1000
2016.08.11	41.80	42.00	41.40	42.00	3942	2206	1000
2016.08.15	40.80	41.40	40.60	41.00	4529	3539	1000
2016.08.16	41.00	41.60	40.60	40.80	3302	2560	1000
2016.08.17	40.60	41.00	39.80	40.20	5696	3598	1000
2016.08.18	40.40	40.60	40.20	40.40	3482	1266	1000
2016.08.19	40.20	40.40	39.70	39.70	3244	2682	1000
2016.08.22	39.70	40.20	39.60	40.20	1738	1236	1000
2016.08.23	40.00	40.60	39.90	40.40	2958	1355	1000
2016.08.24	40.40	40.80	40.20	40.60	2842	1364	1000
2016.08.25	40.40	40.80	39.90	40.00	3755	1849	1000
2016.08.26	40.80	41.00	40.40	40.60	3365	1263	1000
2016.08.29	40.80	40.80	40.00	40.40	1823	977	1000
2016.08.30	40.60	40.60	40.00	40.00	1954	1098	1000
2016.08.31	40.20	40.40	39.80	40.40	1540	1405	1000
2016.09.01	40.00	40.20	39.70	39.70	1805	2232	1000
2016.09.02	39.80	40.20	39.70	40.00	1592	1718	1000
2016.09.05	40.20	40.20	39.30	39.50	1946	3280	1000
2016.09.06	39.60	40.20	39.50	39.80	1604	1516	1000
2016.09.07	39.90	40.20	39.80	40.00	1335	1624	1000
2016.09.08	39.90	40.00	39.30	39.60	1906	3050	1000
2016.09.09	39.40	39.80	39.30	39.60	1429	2370	1000
2016.09.12	39.30	39.50	39.00	39.00	1391	2258	1000
2016.09.13	39.20	39.60	39.10	39.50	1641	2345	1000
2016.09.14	39.50	39.70	39.20	39.70	1290	1352	1000
2016.09.15	40.00	40.00	39.60	39.70	674	931	1000
2016.09.16	39.60	40.40	39.60	40.20	2221	1875	1000
2016.09.19	40.20	40.40	39.90	40.00	669	861	1000
2016.09.20	40.00	40.20	39.50	39.60	1362	1478	1000
2016.09.21	39.60	40.20	39.60	39.80	1333	1512	1000
2016.09.22	40.00	40.40	39.90	40.20	3605	1590	1000
2016.09.23	40.00	40.20	39.70	39.70	1895	2072	1000
2016.09.26	39.60	39.90	39.50	39.80	813	1102	1000
2016.09.27	39.80	40.00	39.80	39.90	1547	1031	1000
2016.09.28	39.80	39.90	39.50	39.70	1719	1332	1000
2016.09.29	39.90	40.00	39.50	39.80	1920	2038	1000
2016.09.30	39.60	39.80	39.50	39.70	1940	1367	1000
2016.10.03	39.90	39.90	39.50	39.80	1278	1058	1000
2016.10.04	39.70	39.90	39.60	39.80	2562	1826	1000
2016.10.05	39.80	39.90	39.50	39.60	1655	1553	1000
2016.10.06	39.60	39.80	39.40	39.60	1538	1273	1000
2016.10.07	39.40	39.50	39.20	39.30	1779	1827	1000
2016.10.10	38.50	39.20	38.50	39.00	1662	2293	1000
2016.10.11	38.90	39.00	37.80	38.00	2847	6708	1000
2016.10.12	37.70	37.80	30.00	35.40	6144	14090	1000
2016.10.13	35.70	36.40	34.00	36.20	4270	11457	1000
2016.10.14	38.00	39.50	37.60	39.40	4092	10017	1000
2016.10.17	38.60	39.30	38.60	39.10	2557	3529	1000
2016.10.18	39.00	39.10	38.30	38.60	2802	3710	1000
2016.10.19	38.30	38.60	38.20	38.30	2441	3096	1000
2016.10.20	38.50	38.60	38.20	38.30	2985	2204	1000
2016.10.21	38.30	38.60	38.20	38.50	1713	1536	1000
2016.10.25	38.60	38.80	38.20	38.40	2756	1877	1000
2016.10.26	38.50	38.60	38.20	38.20	1732	1680	1000
2016.10.27	38.20	38.60	38.20	38.40	1471	1304	1000
2016.10.28	38.30	38.30	37.90	38.20	1646	2016	1000
2016.10.31	38.30	38.40	38.10	38.40	1016	1024	1000
2016.11.01	38.20	38.30	38.00	38.00	1997	2375	1000
2016.11.02	38.10	38.10	37.60	37.80	1640	2171	1000
2016.11.03	37.90	37.90	37.20	37.30	3017	3685	1000
2016.11.04	36.90	37.00	36.50	36.60	2655	3788	1000
2016.11.07	37.00	37.80	36.90	37.80	1624	2446	1000
2016.11.08	37.80	37.80	37.40	37.60	2178	1972	1000
2016.11.09	37.40	37.50	37.00	37.30	2633	3654	1000
2016.11.10	37.40	37.70	37.30	37.40	1734	2027	1000
2016.11.11	37.20	37.30	36.80	36.90	2421	6438	1000
2016.11.14	36.70	36.70	36.00	36.00	2511	5383	1000
2016.11.15	36.00	36.60	35.90	36.50	2709	4157	1000
2016.11.16	36.50	36.70	36.00	36.00	1966	2430	1000
2016.11.17	36.10	36.20	35.60	35.80	2304	3291	1000
2016.11.18	35.90	35.90	35.50	35.70	2524	2367	1000
2016.11.21	35.80	36.50	35.70	36.40	1935	1791	1000
2016.11.22	36.60	36.70	36.30	36.60	2397	2177	1000
2016.11.23	36.90	37.30	36.80	37.10	1988	3079	1000
2016.11.24	37.40	37.60	37.20	37.50	2133	2233	1000
2016.11.25	37.60	38.40	37.40	38.30	1912	3310	1000
2016.11.28	38.50	38.90	38.40	38.50	1956	2623	1000
2016.11.29	38.70	39.10	38.60	39.10	2440	3219	1000
2016.11.30	39.90	40.40	39.30	40.40	4235	8452	2000
2016.12.01	40.40	40.80	39.90	40.40	5455	5138	1000
2016.12.02	40.20	40.40	39.80	39.90	4095	3609	1000
2016.12.06	39.90	40.00	39.50	39.90	3592	3891	1000
2016.12.07	39.80	40.00	39.60	40.00	1791	2527	1000
2016.12.08	39.60	39.80	39.50	39.70	2646	2584	1000
2016.12.09	39.70	39.80	39.30	39.40	2926	2991	1000
2016.12.13	39.60	39.70	39.30	39.60	2466	2787	1000
2016.12.14	39.60	39.80	39.30	39.60	1829	1906	1000
2016.12.15	39.60	40.00	39.50	39.80	1670	2374	1000
2016.12.16	39.80	39.80	39.60	39.80	1769	1632	1000
2016.12.19	39.60	39.70	39.30	39.40	1046	1599	1000
2016.12.20	39.50	39.50	39.00	39.10	1468	2137	1000
2016.12.21	39.00	39.10	38.70	38.90	1883	2308	1000
2016.12.22	38.80	39.00	38.70	38.90	2399	1705	1000
2016.12.23	38.90	39.00	38.70	38.80	2453	1179	1000
2016.12.26	39.10	39.70	39.00	39.40	1233	1707	1000
2016.12.27	39.50	39.50	39.20	39.30	2135	1791	1000
2016.12.28	39.40	39.50	39.30	39.40	1902	1331	1000
2016.12.29	39.50	39.80	39.40	39.60	1802	2003	1000
2016.12.30	39.70	40.00	39.70	39.80	1667	2045	1000
2017.01.04	39.90	40.20	39.70	39.80	2463	2087	1000
2017.01.05	39.90	40.00	39.60	39.60	1887	2076	1000
2017.01.06	39.60	39.70	39.40	39.40	2137	2391	1000
2017.01.09	39.40	39.60	39.40	39.40	1207	1172	1000
2017.01.10	39.20	39.50	39.20	39.30	2387	1749	1000
2017.01.11	39.30	39.40	39.10	39.10	2188	2153	1000
2017.01.12	39.20	39.50	39.10	39.20	1493	1400	1000
2017.01.13	39.30	39.40	39.10	39.30	1287	1344	1000
2017.01.16	39.20	39.50	39.20	39.40	2429	1562	1000
2017.01.17	39.40	39.50	39.40	39.40	1350	868	1000
2017.01.18	39.50	39.60	39.20	39.20	2082	1493	1000
2017.01.19	39.30	39.50	39.10	39.30	1844	1946	1000
2017.01.20	39.30	39.50	39.20	39.40	2201	1706	1000
2017.01.23	39.40	39.50	39.20	39.30	1664	1360	1000
2017.01.24	39.40	40.20	39.40	39.80	4027	4419	1000
2017.01.25	39.90	40.00	39.70	39.80	1922	2158	1000
2017.01.26	40.20	41.20	39.90	40.80	4866	5428	1000
2017.01.27	40.80	41.00	40.40	40.40	6031	3219	1000
2017.01.30	40.80	41.20	40.40	40.80	5074	2214	1000
2017.01.31	40.80	41.80	40.60	41.40	5022	3887	1000
2017.02.01	41.40	41.40	40.80	41.20	4321	2069	1000
2017.02.02	41.20	41.80	41.00	41.60	3869	2499	1000
2017.02.03	41.60	41.60	41.40	41.60	4036	1387	1000
2017.02.06	41.60	42.20	41.00	41.40	4776	3489	1000
2017.02.07	41.40	41.60	40.80	41.20	4283	3414	1000
2017.02.08	41.20	42.20	41.20	42.00	7115	5092	1000
2017.02.09	42.50	42.50	40.25	40.25	22021	121386200	0
2017.02.10	40.75	41.00	40.25	40.50	9473	43009300	25
2017.02.14	40.50	40.75	39.00	39.50	9737311	104451425	0
2017.02.15	37.75	39.25	37.25	39.00	8599178	281607325	0
2017.02.16	39.50	40.25	39.25	39.75	3727989	128432725	0
2017.02.17	40.00	40.25	39.50	40.00	2719785	93104225	0
2017.02.20	40.00	40.25	39.75	40.25	1354944	25090225	0
2017.02.21	40.00	40.25	39.25	39.25	4751946	32664025	0
2017.02.22	39.50	40.00	39.25	39.75	1733097	23084625	0
2017.02.23	39.50	39.75	38.50	38.75	2718175	53223125	0
2017.02.24	39.00	39.25	38.75	38.75	1335949	14889125	0
2017.02.27	38.75	39.25	38.50	38.75	923248	13844325	0
2017.02.28	39.00	39.00	38.75	38.75	4660717	5997925	0
2017.03.01	39.00	39.00	38.50	39.00	2118650	14090025	0
2017.03.02	39.00	39.25	38.75	38.75	1825	6781500	25
2017.03.03	38.50	38.75	38.00	38.25	2126570	35541625	0
2017.03.06	38.00	38.75	37.75	38.25	4237	43956700	0
2017.03.07	38.25	38.50	38.00	38.25	1559079	12635625	0
2017.03.08	38.50	39.00	38.00	39.00	3676920	29468225	0
2017.03.09	38.75	39.25	38.50	39.00	778600	23218525	0
2017.03.10	39.00	39.00	38.25	38.50	1774426	16142525	0
2017.03.13	38.50	39.00	38.25	39.00	1273968	15975125	0
2017.03.14	38.75	39.00	38.50	38.50	1685937	12050725	0
2017.03.15	38.50	38.75	38.25	38.25	4413775	9312125	0
2017.03.16	38.50	39.25	38.25	39.25	1678240	25857325	0
2017.03.17	39.25	39.50	38.75	38.75	5880850	17396125	0
2017.03.20	39.00	39.50	38.75	39.00	2254971	19525325	0
2017.03.21	39.00	39.75	39.00	39.25	1659631	29799025	0
2017.03.22	39.00	39.75	39.00	39.50	2023885	18415325	0
2017.03.23	39.50	40.25	39.50	40.00	4432644	37295125	0
2017.03.24	39.75	40.25	39.75	39.75	2079541	12705925	0
2017.03.27	40.00	40.25	39.75	39.75	1239302	15401625	0
2017.03.28	40.00	40.25	40.00	40.25	5294147	10097925	0
2017.03.29	40.25	40.50	39.75	40.00	2584888	16262825	0
2017.03.30	39.75	40.25	39.75	40.00	1274639	28563525	0
2017.03.31	40.00	40.00	39.25	39.25	2700550	18292425	0
2017.04.03	39.25	39.75	39.25	39.25	2367657	13381925	0
2017.04.04	39.50	39.75	39.25	39.75	1821212	10350825	0
2017.04.05	39.75	40.00	39.25	39.50	2845669	16910925	0
2017.04.07	39.50	39.75	39.25	39.75	2307998	14736525	0
2017.04.10	39.50	39.50	39.00	39.25	2161113	16078025	0
2017.04.11	39.25	39.50	39.25	39.25	2473376	3148925	0
2017.04.12	39.50	39.75	39.25	39.75	3686971	14271325	0
2017.04.17	39.50	40.00	39.25	39.75	1273449	13746725	0
2017.04.18	40.00	40.25	39.75	40.00	1461629	21899925	0
2017.04.19	40.00	40.50	39.75	40.00	3587	29864800	0
2017.04.20	40.25	41.50	40.25	41.25	4875704	68920425	0
2017.04.21	41.50	42.00	41.00	41.25	2199360	40514925	0
2017.04.24	41.00	41.50	40.75	41.00	1436413	33880325	0
2017.04.25	41.00	41.50	40.75	41.00	3168	37677700	0
2017.04.26	41.50	41.75	41.00	41.50	3855348	35987125	0
2017.04.27	41.50	41.50	40.75	40.75	3117989	20255225	0
2017.04.28	40.75	41.00	40.25	40.25	2138	19416500	0
2017.05.02	40.50	41.00	40.25	40.50	635433	27524225	0
2017.05.03	40.75	41.25	40.50	40.75	1992969	14475325	0
2017.05.04	41.25	41.25	41.00	41.00	2142905	7639525	0
2017.05.05	41.00	41.25	41.00	41.25	1254278	7546525	0
2017.05.08	41.25	41.50	41.00	41.50	2312523	13318025	0
2017.05.09	41.75	41.75	41.00	41.50	2554264	32184225	0
2017.05.11	41.75	42.00	41.25	41.75	2352412	46904925	0
2017.05.12	41.75	41.75	40.75	41.50	1780867	19500025	0
2017.05.15	41.50	41.50	41.00	41.25	1259702	14159525	0
2017.05.16	41.50	42.00	40.75	41.25	4286903	46053825	0
2017.05.17	41.50	42.00	41.00	42.00	4922367	85624025	0
2017.05.18	41.75	42.25	41.50	42.00	4537157	25919225	0
2017.05.19	42.00	42.25	41.75	41.75	1521245	17078025	0
2017.05.22	42.00	42.25	41.75	42.00	3486559	17124425	0
2017.05.23	42.00	42.25	42.00	42.00	4870815	27335825	0
2017.05.24	42.00	42.25	42.00	42.00	2663720	9191725	0
2017.05.25	42.00	42.25	42.00	42.25	2714633	4981525	0
2017.05.26	42.00	42.25	42.00	42.25	1347248	2737125	0
2017.05.29	42.25	43.00	42.00	42.75	4552	79898500	0
2017.05.30	42.75	43.25	42.75	43.00	4301826	14892925	0
2017.05.31	43.25	43.25	42.50	42.50	7126312	27146225	0
2017.06.01	42.50	44.00	42.50	44.00	7076940	65482525	0
2017.06.02	44.25	44.75	44.00	44.50	2796435	68169325	0
2017.06.05	44.75	45.00	44.25	45.00	3868798	31977425	0
2017.06.06	45.00	45.00	44.50	45.00	3830749	17392225	0
2017.06.07	45.00	45.00	43.75	44.00	3986387	40931625	0
2017.06.08	44.00	44.75	43.75	44.75	1309090	12069625	0
2017.06.09	44.75	44.75	44.00	44.50	2626412	10847325	0
2017.06.12	44.25	44.50	44.00	44.00	1733775	8902125	0
2017.06.13	44.00	44.25	43.50	44.25	3052197	21824425	0
2017.06.14	44.00	44.50	44.00	44.25	1765983	9605925	0
2017.06.15	44.25	44.50	44.00	44.50	2136485	7269725	0
2017.06.16	45.00	45.50	44.75	45.25	8704726	72660825	0
2017.06.19	45.50	47.00	45.25	46.50	3506373	70375025	0
2017.06.20	46.50	46.50	45.75	46.00	2665110	25126325	0
2017.06.21	46.00	46.00	45.50	46.00	2081619	16965125	0
2017.06.22	46.00	46.50	46.00	46.50	2341590	30667225	0
2017.06.23	46.75	46.75	46.25	46.25	998228	12888225	0
2017.06.26	46.50	46.75	45.75	46.25	1810	14611800	0
2017.06.27	46.25	47.25	46.00	47.00	3304554	34045625	0
2017.06.28	47.00	47.50	46.75	46.75	1777720	29693725	0
2017.06.29	47.25	48.00	47.00	47.25	5591886	42990325	0
2017.06.30	47.25	47.50	47.00	47.25	3616167	21102825	0
2017.07.03	47.50	47.50	46.75	47.25	1599433	13127225	0
2017.07.04	47.00	47.25	46.50	46.50	2244173	13567025	0
2017.07.05	46.75	47.75	46.75	47.25	3521141	33536025	0
2017.07.06	47.50	50.00	47.25	49.75	3748652	90728125	0
2017.07.07	49.50	49.75	48.25	48.50	3429133	56572925	0
2017.07.11	48.50	49.25	48.25	49.00	1878268	35256125	0
2017.07.12	49.25	50.25	49.00	49.50	2782697	52596025	0
2017.07.13	49.75	50.00	48.75	49.00	3513343	24574625	0
2017.07.14	49.00	49.00	48.50	48.75	2476941	19265825	0
2017.07.17	49.00	49.00	47.50	47.50	4698958	40898125	0
2017.07.18	47.50	48.50	47.50	48.25	3102827	27803125	0
2017.07.19	48.50	49.25	48.25	49.00	835217	22809825	0
2017.07.20	49.75	50.75	49.25	50.50	2321287	65022725	0
2017.07.21	50.75	51.75	50.00	51.25	2343315	40042525	0
2017.07.24	51.25	52.00	51.25	51.75	3589202	29654525	0
2017.07.25	52.00	52.25	51.50	52.00	3618319	39531025	0
2017.07.26	51.75	52.25	51.25	52.00	3560009	23856925	0
2017.07.27	52.00	52.25	51.50	52.00	2390614	13915125	0
2017.07.31	51.75	51.75	51.00	51.50	3976	33565100	0
2017.08.01	51.50	52.00	51.25	52.00	5161535	11014525	0
2017.08.02	52.25	53.00	52.00	52.50	3785	39555100	0
2017.08.03	52.25	52.75	52.25	52.50	2168636	15653725	0
2017.08.04	52.75	53.50	52.50	53.25	2350342	19463225	0
2017.08.07	53.50	54.25	53.25	54.00	3229416	29349525	0
2017.08.08	54.25	54.50	54.00	54.25	3102267	15597725	0
2017.08.09	54.00	54.00	52.75	53.00	3431458	63216125	0
2017.08.10	53.25	53.50	52.75	53.50	2806930	18192625	0
2017.08.11	53.00	53.25	52.00	52.50	5730571	50551125	0
2017.08.15	52.75	53.00	51.75	51.75	2670552	24384725	0
2017.08.16	52.00	53.00	52.00	52.75	2242353	17132925	0
2017.08.17	53.00	53.00	52.25	52.50	1953	20814300	0
2017.08.18	52.50	52.75	52.25	52.75	1956480	13330725	0
2017.08.21	52.75	52.75	50.75	51.25	3849429	52309125	0
2017.08.22	51.25	51.75	51.25	51.50	1668309	12199925	0
2017.08.23	51.75	52.25	51.50	52.00	2114	18821700	0
2017.08.24	52.25	53.00	52.00	52.75	1540363	22397625	0
2017.08.25	52.50	52.75	52.00	52.25	1893706	20803025	0
2017.08.28	52.50	52.75	52.25	52.25	4066014	23120625	0
2017.08.29	52.25	54.50	52.00	54.25	8725	80655400	0
2017.08.30	54.50	55.50	54.25	54.75	2066840	56334625	0
2017.08.31	54.75	55.00	53.75	54.50	5385739	25223025	0
2017.09.01	54.50	55.00	54.25	55.00	4266297	17765325	0
2017.09.04	54.75	55.00	54.00	54.25	1758934	27758125	0
2017.09.05	54.50	54.50	54.00	54.25	1681149	12041225	0
2017.09.06	54.00	54.50	54.00	54.50	2988305	14266425	0
2017.09.07	54.25	54.75	54.25	54.75	4188423	19107525	0
2017.09.08	55.00	55.75	54.75	55.25	4946	52543200	0
2017.09.11	55.50	57.50	55.50	56.75	3179093	66662325	0
2017.09.12	57.00	57.25	56.50	56.75	1787821	21955425	0
2017.09.13	56.50	57.25	56.25	57.00	2432987	22150625	0
2017.09.14	57.00	57.75	56.75	57.50	2694	23235500	0
2017.09.15	57.50	58.00	57.25	58.00	3255	31326200	0
2017.09.18	58.00	59.25	57.75	59.00	5315	40292500	0
2017.09.19	58.50	61.00	57.50	61.00	10443	95973500	0
2017.09.20	60.00	60.75	59.00	59.25	14239	127724800	0
2017.09.21	59.75	60.00	59.00	59.25	5123	42473500	0
2017.09.22	58.75	59.00	58.00	58.00	9491	79232900	0
2017.09.25	58.00	58.75	58.00	58.75	3447	32487200	0
2017.09.26	58.75	59.00	58.25	58.25	3586	29952100	0
2017.09.27	58.25	58.50	58.00	58.00	3211	23894700	0
2017.09.28	58.00	60.00	57.75	59.00	6731	69078000	0
2017.09.29	59.00	59.50	58.75	59.00	3137	26688300	0
2017.10.02	59.25	59.75	59.00	59.50	3795	35919500	0
2017.10.03	59.50	59.75	59.00	59.00	2481	19870500	0
2017.10.04	59.25	59.50	58.00	58.25	7213	47829300	0
2017.10.05	58.25	58.75	58.00	58.50	2165	24468600	0
2017.10.06	58.75	59.00	58.25	58.25	2180	13331600	0
2017.10.09	58.75	59.75	58.75	59.50	4719	51310900	0
2017.10.10	59.50	59.75	59.00	59.25	3779	38716600	0
2017.10.11	59.50	59.75	59.00	59.25	4527	34461800	0
2017.10.12	59.25	59.50	58.50	58.50	5028	38895900	0
2017.10.16	59.00	59.50	58.75	59.25	3612	30910500	0
2017.10.17	59.50	59.50	58.75	59.25	3874	33832500	0
2017.10.18	59.25	59.25	58.75	58.75	1812	23305400	0
2017.10.19	58.75	59.00	57.00	57.50	10135	64375300	0
2017.10.20	57.50	58.50	57.50	58.25	3173	30555100	0
2017.10.24	58.50	59.00	58.25	58.25	3177	17852000	0
2017.10.25	58.75	58.75	58.25	58.25	2329	15942700	0
2017.10.27	58.25	59.00	58.25	58.50	2604	24981900	0
2017.10.30	58.50	59.00	58.00	58.50	3480	31966500	0
2017.10.31	58.75	59.75	58.50	59.50	4645	63616200	0
2017.11.01	59.50	59.75	58.00	58.25	5386	50944300	0
2017.11.02	58.25	58.75	58.00	58.25	2742	19639300	0
2017.11.03	58.50	58.75	58.00	58.50	1820	13535900	0
2017.11.06	58.50	58.75	57.75	58.00	4486	42154200	0
2017.11.07	58.00	58.50	58.00	58.50	1737	22220400	0
2017.11.08	58.75	58.75	58.25	58.50	1963	13506600	0
2017.11.09	58.75	58.75	57.75	58.00	3507	45615800	0
2017.11.10	58.00	58.25	57.25	57.75	4693	40827500	0
2017.11.13	57.50	57.75	56.75	57.00	5873	38387600	0
2017.11.14	57.00	57.75	56.75	57.50	3177	34765900	0
2017.11.15	57.50	57.50	57.00	57.00	1670	20180900	0
2017.11.16	57.25	57.25	56.75	57.25	3287	26107900	0
2017.11.17	57.50	58.50	57.50	58.25	3378	27728100	0
2017.11.20	58.50	58.50	58.00	58.00	1843	7341300	0
2017.11.21	58.25	59.00	58.25	59.00	3506	35293500	0
2017.11.22	59.25	59.25	58.75	58.75	2398	18118600	0
2017.11.23	59.00	59.00	58.50	58.75	1246	12234500	0
2017.11.24	58.75	58.75	57.50	58.00	2916	25102600	0
2017.11.27	57.75	58.50	57.75	58.50	1854	14335900	0
2017.11.28	59.00	61.50	59.00	61.50	13069	137027500	0
2017.11.29	61.75	63.00	61.50	62.00	8149	122388700	0
2017.11.30	61.50	62.25	61.00	62.25	4804	59005100	0
2017.12.01	62.50	62.50	61.75	61.75	2860	28130300	0
2017.12.04	62.00	62.25	61.00	61.25	3571	35927700	0
2017.12.06	61.00	61.50	60.75	61.50	4017	21854800	0
2017.12.07	61.75	63.00	61.25	63.00	4140	29125600	0
2017.12.08	63.00	63.50	62.50	62.50	3508	35463800	0
2017.12.12	62.25	63.25	62.00	62.25	3875	38825700	0
2017.12.13	62.50	63.00	62.25	62.75	1673	15767700	0
2017.12.14	63.00	63.75	62.75	63.50	3901	33005400	0
2017.12.15	63.50	64.00	63.25	64.00	2746	27020600	0
2017.12.18	64.00	64.25	63.50	63.75	2252	18613500	0
2017.12.19	63.50	64.50	63.50	64.50	2575	28275400	0
2017.12.20	64.50	65.00	64.25	64.75	3058	18484300	0
2017.12.21	64.75	64.75	64.25	64.50	2020	9746500	0
2017.12.22	64.50	64.75	64.25	64.75	1315	7953000	0
2017.12.25	65.00	66.75	64.75	66.50	3625	30096100	0
2017.12.26	66.50	69.00	66.25	68.50	5496	35599600	0
2017.12.27	68.75	70.00	67.25	67.50	9522	55436900	0
2017.12.28	67.50	68.00	66.25	66.75	6773	36446400	0
2017.12.29	67.25	68.75	67.25	68.00	4136	25642800	0
2018.01.03	69.00	71.00	68.75	70.50	8460	61069900	0
2018.01.04	71.25	71.25	70.00	70.50	5722	37773200	0
2018.01.05	70.75	72.25	70.50	72.00	7109	48929600	0
2018.01.08	72.75	77.75	72.50	74.25	16901	127056900	0
2018.01.09	74.00	74.00	72.25	73.25	13881	89761400	0
2018.01.10	72.75	73.00	71.00	71.25	15067	101608200	0
2018.01.11	70.75	71.00	69.00	69.75	18845	177499800	0
2018.01.12	69.75	70.75	69.50	69.50	10291	90278500	0
2018.01.15	70.00	71.50	69.75	71.25	8524	84101800	0
2018.01.16	71.50	71.75	70.50	70.75	5390	49091200	0
2018.01.17	71.00	71.25	70.00	70.50	6071	44505400	0
2018.01.18	70.50	71.25	70.00	70.25	4951	61537000	0
2018.01.19	70.00	70.50	69.75	70.25	4714	31284200	0
2018.01.22	70.50	71.50	70.25	70.50	4810	37154300	0
2018.01.23	70.75	70.75	69.00	69.75	12728	76034900	0
2018.01.24	69.75	70.75	69.50	70.25	3592	32295000	0
2018.01.25	70.25	70.75	70.00	70.00	3552	22599400	0
2018.01.26	70.00	70.50	69.75	70.50	3237	23602100	0
2018.01.29	70.75	71.00	70.25	70.50	3322	27606200	0
2018.01.30	70.50	70.75	69.75	69.75	3636	38779500	0
2018.01.31	69.75	70.25	69.75	70.00	2480	24446000	0
2018.02.01	70.25	70.50	70.00	70.00	2640	19114900	0
2018.02.02	70.00	70.25	69.75	70.00	2177	13921600	0
2018.02.05	69.25	69.75	69.25	69.75	3668	26726500	0
2018.02.06	68.50	69.25	67.25	69.25	13161	89197600	0
2018.02.07	69.50	69.75	68.75	69.00	5490	35689400	0
2018.02.08	69.00	69.25	68.50	68.75	3688	24638600	0
2018.02.09	68.00	68.25	67.25	67.75	9719	74647700	0
2018.02.12	67.75	68.25	67.25	67.50	7117	60287400	0
2018.02.13	67.75	69.00	67.25	68.75	4478	52994400	0
2018.02.14	69.25	70.00	69.25	69.25	5249	43254600	0
2018.02.15	69.75	69.75	69.25	69.25	3143	24987500	0
2018.02.16	69.50	69.50	68.75	68.75	3523	20776300	0
2018.02.19	69.00	69.50	68.75	69.25	1910	26699700	0
2018.02.20	69.25	69.50	68.50	68.50	2816	23135000	0
2018.02.21	68.75	69.00	67.75	68.00	5627	31132000	0
2018.02.22	67.75	68.00	67.00	67.75	5852	46962700	0
2018.02.23	67.75	69.00	67.75	68.75	2923	27669400	0
2018.02.26	69.00	71.50	68.75	71.25	8230	65017400	0
2018.02.27	72.00	72.25	70.75	70.75	9141	93106200	0
2018.02.28	70.50	71.50	70.25	70.75	3721	44256900	0
2018.03.02	70.25	70.50	69.00	69.50	5922	39297800	0
2018.03.05	69.00	69.50	68.50	69.00	3549	35993800	0
2018.03.06	69.00	69.25	68.50	68.75	3780	23270500	0
2018.03.07	68.50	68.75	68.00	68.25	3284	22358900	0
2018.03.08	68.00	69.25	68.00	68.00	3065	33334200	0
2018.03.09	68.00	68.25	67.00	67.50	6542	42433000	0
2018.03.12	68.00	68.50	67.75	68.50	3493	23495900	0
2018.03.13	68.25	68.75	67.75	68.50	3547	19493000	0
2018.03.14	68.25	69.00	67.75	68.00	3676	25482000	0
2018.03.15	68.00	68.25	67.75	67.75	2600	19164200	0
2018.03.16	67.50	68.00	67.50	68.00	1918	18893100	0
2018.03.19	68.00	68.25	67.50	67.75	2471	20205300	0
2018.03.20	67.75	68.00	67.50	67.75	1862	15022100	0
2018.03.21	68.00	69.00	67.75	68.50	2517	33520600	0
2018.03.22	68.75	69.00	68.00	68.00	2255	19540800	0
2018.03.23	67.75	68.00	67.50	68.00	2553	23326300	0
2018.03.26	67.75	68.00	67.50	67.75	1819	12771500	0
2018.03.27	68.00	68.25	67.50	67.75	2369	11238200	0
2018.03.28	67.75	68.00	67.50	67.75	2503	12780200	0
2018.03.29	67.50	67.50	65.50	66.00	11760	99647000	0
2018.03.30	66.50	67.50	66.00	67.50	4389	32113200	0
2018.04.02	67.25	67.50	66.75	67.50	2019	9723300	0
2018.04.03	67.50	69.75	67.25	69.50	7258	60402400	0
2018.04.04	69.75	70.75	68.50	68.50	7761	56665700	0
2018.04.05	69.00	69.75	68.75	69.75	3158	27810400	0
2018.04.09	70.00	70.75	69.75	70.50	5556	38962400	0
2018.04.10	71.00	72.00	70.25	72.00	6424	46229500	0
2018.04.11	71.75	72.00	71.00	71.25	2990	19067000	0
2018.04.12	71.50	71.50	70.50	71.00	2881	9819600	0
2018.04.17	70.75	71.25	69.25	70.00	4889	24110400	0
2018.04.18	70.00	70.25	69.75	70.25	2620	15774600	0
2018.04.19	70.50	70.75	69.50	70.25	3988	22515800	0
2018.04.20	70.25	70.50	69.75	70.00	2160	14645500	0
2018.04.23	70.00	72.00	70.00	71.00	5698	49030600	0
2018.04.24	71.00	71.50	70.25	70.50	3268	28212800	0
2018.04.25	70.25	71.25	70.25	70.75	2706	22353800	0
2018.04.26	71.00	71.25	70.75	71.00	2636	15442700	0
2018.04.27	71.00	71.75	70.75	71.75	3270	29858300	0
2018.04.30	71.75	72.25	71.00	71.25	4671	69177800	0
2018.05.02	71.00	71.75	70.50	71.50	4206	31751900	0
2018.05.03	71.75	72.25	71.50	71.50	4344	30945400	0
2018.05.04	71.50	71.75	71.00	71.00	2066	19825400	0
2018.05.07	71.25	71.50	71.00	71.00	1857	10469500	0
2018.05.08	70.75	71.25	69.50	69.75	4675	27200700	0
2018.05.09	69.75	70.50	69.50	70.25	2123	14540900	0
2018.05.10	70.25	70.75	69.75	70.25	1988	11093200	0
2018.05.11	70.25	71.25	70.25	71.25	2077	15495800	0
2018.05.14	71.25	71.75	71.00	71.50	1678	13777500	0
2018.05.15	71.50	71.50	70.50	71.00	2005	9189200	0
2018.05.16	71.00	71.00	70.00	70.00	2251	13855400	0
2018.05.17	70.25	71.00	70.25	70.50	2486	15574200	0
2018.05.18	70.25	70.25	69.25	69.75	5843	38975200	0
2018.05.21	70.00	70.25	69.25	69.50	5686	22197000	0
2018.05.22	69.50	69.75	68.75	69.00	4262	19517000	0
2018.05.23	68.75	69.25	68.50	68.75	2574	11752000	0
2018.05.24	68.50	69.00	68.50	69.00	2548	11994400	0
2018.05.25	68.75	69.00	68.00	69.00	4422	31610000	0
2018.05.28	69.00	69.25	68.00	68.25	5152	14943500	0
2018.05.30	67.50	67.75	67.00	67.50	10156	31339800	0
2018.05.31	67.50	69.00	67.00	68.50	4926	40154000	0
2018.06.01	68.50	68.75	68.00	68.50	2093	10417800	0
2018.06.04	68.50	70.25	68.25	69.75	4505	26688000	0
2018.06.05	69.75	69.75	69.00	69.75	2896	21112900	0
2018.06.06	70.00	70.00	69.50	69.75	1798	9214700	0
2018.06.07	69.75	70.00	68.75	69.00	2875	18146000	0
2018.06.08	69.00	69.00	68.25	68.50	3232	15685500	0
2018.06.11	68.25	68.50	68.00	68.25	1984	11550000	0
2018.06.12	68.50	69.00	68.25	68.25	3543	13457100	0
2018.06.13	68.25	68.25	67.25	67.50	6006	26211000	0
2018.06.14	67.50	68.00	67.00	67.25	4282	29935100	0
2018.06.15	67.00	67.50	66.00	67.25	6456	42578000	0
2018.06.18	67.00	67.25	66.50	66.75	3611	21854300	0
2018.06.19	66.75	67.00	64.50	65.00	10129	67552100	0
2018.06.20	65.25	65.75	64.75	65.25	6183	36763700	0
2018.06.21	65.50	65.75	63.75	64.25	6908	35863600	0
2018.06.22	64.25	65.50	64.00	65.00	3796	26237800	0
2018.06.25	64.75	65.00	64.00	64.00	3608	19320200	0
2018.06.26	63.50	64.00	62.25	64.00	5851	33721600	0
2018.06.27	64.50	64.50	62.75	63.00	5483	28356900	0
2018.06.28	63.00	64.00	62.75	63.00	4766	39774900	0
2018.06.29	63.00	63.75	61.75	63.00	6220	46993600	0
2018.07.02	63.00	65.25	63.00	64.75	3847	23534000	0
2018.07.03	64.50	66.75	64.25	66.25	6221	25814600	0
2018.07.04	66.50	68.00	66.25	67.00	5315	35240800	0
2018.07.05	67.00	67.00	65.50	66.50	3703	24245400	0
2018.07.06	66.25	67.25	65.25	66.50	4765	26213800	0
2018.07.09	67.00	68.00	66.50	66.50	2773	20269000	0
2018.07.10	66.75	67.00	64.25	65.50	7869	43425900	0
2018.07.11	64.50	65.25	64.25	64.75	4522	26411400	0
2018.07.12	64.75	65.50	64.50	64.75	2600	16706100	0
2018.07.13	65.00	65.75	64.75	65.00	2978	17757400	0
2018.07.16	65.00	65.00	62.75	63.25	10901	42095300	0
2018.07.17	63.00	63.00	60.00	61.50	16206	75425100	0
2018.07.18	62.00	62.25	60.75	61.00	8948	43382400	0
2018.07.19	61.25	63.50	60.75	63.00	8194	43009000	0
2018.07.20	63.25	65.00	62.75	64.25	5873	35959300	0
2018.07.23	64.25	64.75	63.50	64.00	3890	15420400	0
2018.07.24	64.75	65.75	64.25	65.75	5978	38017600	0
2018.07.25	65.75	66.50	65.50	65.75	5007	34889600	0
2018.07.26	66.25	66.75	65.75	66.00	2995	22460900	0
2018.07.31	66.25	66.75	65.75	66.25	3776	26064800	0
2018.08.01	66.25	67.00	66.00	67.00	5324	31997400	0
2018.08.02	66.50	66.75	65.25	66.00	4879	28708700	0
2018.08.03	66.00	66.50	65.75	66.25	2434	13137700	0
2018.08.06	66.50	66.50	65.25	65.25	2960	20081300	0
2018.08.07	65.50	66.25	65.25	65.50	2207	13441800	0
2018.08.08	65.25	66.25	65.25	66.25	1983	14584700	0
2018.08.09	66.25	66.50	65.50	65.50	1967	16403500	0
2018.08.10	65.50	66.00	65.25	65.50	2778	16363600	0
2018.08.14	65.25	65.50	64.50	65.50	3019	22802000	0
2018.08.15	65.00	65.25	64.75	64.75	2875	15651000	0
2018.08.16	64.75	65.00	64.00	64.75	4608	20924500	0
2018.08.17	65.00	65.50	64.50	64.50	2788	18551900	0
2018.08.20	65.00	65.50	64.75	65.00	2391	16737500	0
2018.08.21	65.00	66.50	65.00	65.50	5040	39608300	0
2018.08.22	65.75	66.25	65.25	65.50	2902	14677900	0
2018.08.23	66.00	66.50	65.75	66.00	3306	19237200	0
2018.08.24	65.75	66.25	65.50	65.75	3173	12803800	0
2018.08.27	66.25	66.50	66.00	66.25	2354	13689900	0
2018.08.28	66.25	66.50	66.00	66.00	4076	32377500	0
2018.08.29	66.25	66.50	66.00	66.25	2951	12411900	0
2018.08.30	66.25	67.00	66.25	66.50	3396	30282000	0
2018.08.31	66.00	66.75	66.00	66.75	2234	15581100	0
2018.09.03	66.75	67.00	66.25	66.50	1880	11078500	0
2018.09.04	66.75	66.75	65.25	65.50	4524	25136300	0
2018.09.05	65.00	65.50	64.50	65.00	4866	19137900	0
2018.09.06	65.00	65.75	64.50	65.50	3053	23418700	0
2018.09.07	65.25	65.50	64.50	64.75	2988	14212900	0
2018.09.10	64.50	64.75	64.00	64.25	3118	17119800	0
2018.09.11	64.50	65.00	62.00	62.00	15290	66091000	0
2018.09.12	61.50	62.50	60.75	62.25	8996	43421400	0
2018.09.13	63.00	65.25	62.75	64.50	9599	43116300	0
2018.09.14	64.75	65.25	64.50	64.50	3217	19510800	0
2018.09.17	64.50	64.75	64.00	64.50	2544	16742200	0
2018.09.18	64.25	66.50	64.25	66.00	6230	33327200	0
2018.09.19	66.25	66.75	66.00	66.00	5676	29301700	0
2018.09.20	66.25	66.75	66.25	66.25	2978	15907800	0
2018.09.21	66.50	67.25	66.00	66.50	5611	56163900	0
2018.09.24	66.25	66.50	66.00	66.00	2676	8575300	0
2018.09.25	66.25	66.75	66.00	66.50	2379	11714100	0
2018.09.26	66.25	66.50	64.50	65.00	10909	50786800	0
2018.09.27	64.75	65.50	64.25	65.25	5453	33308300	0
2018.09.28	65.25	65.50	64.75	65.50	2406	18841400	0
2018.10.01	65.50	65.75	64.75	65.00	3498	15439700	0
2018.10.02	64.75	65.00	64.00	64.50	5197	33194600	0
2018.10.03	64.75	64.75	64.25	64.25	3193	11223600	0
2018.10.04	64.25	64.50	63.25	63.50	5199	23775600	0
2018.10.05	63.00	63.50	62.75	63.00	4992	21689400	0
2018.10.08	63.00	63.50	62.00	62.25	5415	21429700	0
2018.10.09	62.50	62.75	62.00	62.25	3385	16787000	0
2018.10.10	62.50	63.25	62.50	63.00	2655	12740800	0
2018.10.11	61.75	62.50	61.25	62.50	7001	38048400	0
2018.10.12	62.75	64.00	62.50	63.50	3644	19551100	0
2018.10.16	63.50	63.75	63.00	63.50	2639	16600700	0
2018.10.17	64.00	64.00	62.75	62.75	3913	18094800	0
2018.10.18	62.75	63.00	61.75	62.00	4894	30296500	0
2018.10.19	61.75	62.00	60.00	61.00	13020	59532500	0
2018.10.22	61.00	61.50	60.75	61.50	2823	17431700	0
2018.10.24	61.00	61.50	60.50	61.00	5995	31480400	0
2018.10.25	60.50	62.00	60.00	61.75	6388	42985000	0
2018.10.26	61.25	61.75	60.50	61.00	3984	23661100	0
2018.10.29	61.25	62.50	61.25	62.25	4159	28607500	0
2018.10.30	62.25	62.75	61.75	62.50	2362	11630400	0
2018.10.31	62.75	64.00	62.50	64.00	4782	45015200	0
2018.11.01	64.00	64.25	63.50	63.75	3080	26293200	0
2018.11.02	64.00	64.75	63.75	64.25	4394	25101600	0
2018.11.05	63.75	64.50	63.50	64.50	3775	13146000	0
2018.11.06	64.75	65.50	64.50	65.25	4795	56852800	0
2018.11.07	65.25	65.25	64.50	65.00	3518	27463100	0
2018.11.08	65.50	66.00	65.25	65.50	4223	31688800	0
2018.11.09	65.25	65.50	64.50	65.00	2252	11943500	0
2018.11.12	65.00	65.25	64.25	64.75	1834	10642200	0
2018.11.13	64.25	65.25	64.00	65.25	2667	16249200	0
2018.11.14	65.25	65.50	64.75	65.50	2287	13778100	0
2018.11.15	65.50	65.50	64.75	64.75	2356	10939900	0
2018.11.16	64.75	65.25	64.50	64.50	3230	9957900	0
2018.11.19	64.50	65.50	64.50	65.25	4013	15614400	0
2018.11.20	64.75	65.00	64.00	64.00	2206	15931200	0
2018.11.21	63.50	63.75	62.50	63.00	5684	35533900	0
2018.11.22	61.50	62.00	61.00	61.50	9874	44512700	0
2018.11.23	61.50	63.25	61.25	63.00	4007	24218700	0
2018.11.26	63.00	63.75	62.25	63.75	3189	13162200	0
2018.11.27	63.50	64.00	63.25	63.25	2309	10519100	0
2018.11.28	63.50	64.25	63.50	64.25	3065	15794900	0
2018.11.29	64.25	65.00	64.25	64.75	3522	13864500	0
2018.11.30	64.75	65.00	63.50	63.75	4936	28329400	0
2018.12.03	65.25	65.75	65.00	65.75	5723	32879600	0
2018.12.04	65.75	66.00	65.25	66.00	4663	24073700	0
2018.12.06	65.00	65.50	64.75	65.25	4162	26664700	0
2018.12.07	65.50	65.75	65.00	65.25	2868	8359400	0
2018.12.11	65.50	65.50	63.25	63.50	5488	28981600	0
2018.12.12	63.50	64.75	63.50	64.50	2926	19827600	0
2018.12.13	64.25	64.50	63.25	63.25	3316	12932400	0
2018.12.14	63.50	63.75	62.50	63.00	3821	14137100	0
2018.12.17	63.00	63.75	63.00	63.25	3491	14612400	0
2018.12.18	63.00	63.50	62.00	62.75	3941	27265100	0
2018.12.19	62.75	64.00	62.25	63.75	4338	22566400	0
2018.12.20	63.25	64.50	63.25	64.50	3735	15332500	0
2018.12.21	63.75	65.25	63.75	64.50	3837	23184100	0
2018.12.24	64.25	65.75	64.25	65.00	4191	23454000	0
2018.12.25	64.00	64.25	62.50	62.75	4930	20588900	0
2018.12.26	62.75	64.00	62.75	64.00	2477	12024100	0
2018.12.27	64.75	65.00	63.00	63.25	3814	23784700	0
2018.12.28	63.25	64.25	63.25	64.25	2063	13762400	0
2019.01.02	64.75	64.75	64.25	64.25	2132	10022000	0
2019.01.03	64.75	64.75	63.00	63.50	4306	17587200	0
2019.01.04	63.50	64.50	63.25	64.50	2606	13012700	0
2019.01.07	64.50	65.00	63.75	64.25	3316	23352600	0
2019.01.08	64.50	65.25	64.25	64.75	4582	21696800	0
2019.01.09	65.50	66.00	65.50	66.00	4778	33902300	0
2019.01.10	65.75	66.25	65.50	66.00	5934	41617000	0
2019.01.11	66.25	68.75	66.25	68.50	11592	58713700	0
2019.01.14	68.50	69.25	67.75	68.25	6663	32633000	0
2019.01.15	68.25	68.50	66.25	66.50	6192	36927400	0
2019.01.16	66.75	68.25	66.25	67.75	5122	30224000	0
2019.01.17	68.25	69.00	67.75	67.75	5270	35445200	0
2019.01.18	68.00	68.50	67.50	68.50	2918	16159900	0
2019.01.21	68.75	69.00	68.25	68.50	3027	12596500	0
2019.01.22	68.50	68.75	68.25	68.50	3066	17083200	0
2019.01.23	68.50	69.75	68.25	69.25	6819	43969700	0
2019.01.24	69.25	69.75	67.75	68.25	6589	37019300	0
2019.01.25	68.25	68.75	68.00	68.50	3212	12127200	0
2019.01.28	68.75	69.25	68.50	68.50	5207	20607600	0
2019.01.29	68.50	69.00	68.25	68.75	3364	14596600	0
2019.01.30	69.25	69.75	68.75	69.75	4353	20005300	0
2019.01.31	70.00	70.00	68.75	69.00	5049	30244500	0
2019.02.01	69.00	70.00	68.75	69.75	4721	24703000	0
2019.02.04	69.75	70.00	69.00	69.25	2299	12622500	0
2019.02.05	69.00	70.00	69.00	70.00	2895	10037700	0
2019.02.06	70.00	70.50	69.50	69.50	2901	17886800	0
2019.02.07	69.75	70.25	68.75	69.00	3566	22696500	0
2019.02.08	68.75	69.25	68.00	69.00	4787	34891400	0
2019.02.11	68.50	68.75	68.00	68.00	3629	15419700	0
2019.02.12	67.75	68.50	67.50	68.00	3913	19992500	0
2019.02.13	68.50	69.25	68.25	69.00	3926	15452100	0
2019.02.14	69.00	69.25	68.50	68.75	2453	9254700	0
2019.02.15	68.50	68.50	67.00	67.25	6193	34020200	0
2019.02.18	67.50	67.75	67.00	67.00	3038	19685600	0
2019.02.20	67.75	68.75	67.25	68.50	4941	28011300	0
2019.02.21	68.75	69.00	68.25	68.50	4263	16464400	0
2019.02.22	68.25	69.50	68.25	68.75	4255	25714300	0
2019.02.25	69.00	69.50	68.50	69.00	2623	20400000	0
2019.02.26	68.75	69.25	68.50	69.00	2350	17087500	0
2019.02.27	68.75	69.00	68.50	68.75	2207	12274100	0
2019.02.28	68.50	68.50	67.25	67.50	6878	38502600	0
2019.03.01	67.75	68.25	67.25	67.50	3205	14089000	0
2019.03.04	67.50	67.75	66.50	66.75	6891	25415200	0
2019.03.05	66.75	67.75	66.00	67.25	4072	24827700	0
2019.03.06	67.75	68.25	67.25	67.75	4089	24975000	0
2019.03.07	67.50	68.00	67.25	67.75	3573	12072400	0
2019.03.08	67.75	68.25	67.25	67.75	2514	10710200	0
2019.03.11	67.75	68.00	67.25	67.75	1882	12831500	0
2019.03.12	67.75	68.00	67.00	67.00	2515	10680500	0
2019.03.13	67.25	68.75	67.00	68.75	4165	27688300	0
2019.03.14	69.00	69.25	68.50	69.00	3258	18796100	0
2019.03.15	69.00	69.25	68.00	68.00	3296	23432700	0
2019.03.18	67.75	68.00	66.75	67.00	3607	25104200	0
2019.03.19	67.00	68.50	67.00	67.75	2832	19145000	0
2019.03.20	67.75	68.25	67.50	67.50	2383	13943100	0
2019.03.21	67.75	68.25	67.50	67.75	1929	12581200	0
2019.03.22	67.75	68.50	67.75	68.25	2440	17857800	0
2019.03.25	67.75	68.00	67.00	67.75	3600	21995900	0
2019.03.26	67.50	67.75	67.25	67.75	2300	18307500	0
2019.03.27	68.00	68.00	67.25	67.50	1800	15359800	0
2019.03.28	67.50	68.25	67.25	67.75	2328	18095600	0
2019.03.29	68.00	68.25	67.50	68.00	2685	14567500	0
2019.04.01	68.25	68.25	67.25	67.25	4553	15614000	0
2019.04.02	67.50	68.00	67.25	67.50	3203	17979100	0
2019.04.03	67.75	68.00	67.25	67.50	2214	13177000	0
2019.04.04	67.50	67.75	67.00	67.25	2601	11838600	0
2019.04.05	67.25	67.75	67.00	67.25	1707	8153900	0
2019.04.09	67.25	68.25	67.25	68.00	3449	17679900	0
2019.04.10	68.00	68.50	67.75	68.25	3229	16305500	0
2019.04.11	68.50	68.50	68.00	68.00	2177	8495400	0
2019.04.12	68.25	68.50	67.75	68.25	2604	13816300	0
2019.04.17	68.25	68.50	68.00	68.50	3225	12889200	0
2019.04.18	68.50	68.75	68.00	68.75	3058	26834800	0
2019.04.19	68.75	69.50	68.50	69.00	4251	31310100	0
2019.04.22	69.25	69.50	68.50	68.50	2552	18660100	0
2019.04.23	68.50	69.00	68.50	68.50	2219	11369500	0
2019.04.24	68.50	68.75	68.00	68.25	2196	8078700	0
2019.04.25	68.25	68.75	68.00	68.50	1716	9456100	0
2019.04.29	68.00	68.50	68.00	68.00	1164	8716300	0
2019.04.30	68.25	68.75	68.00	68.50	2959	16952800	0
2019.05.02	68.75	69.00	68.50	68.75	2910	17593200	0
2019.05.03	68.75	69.25	68.75	69.25	1975	11423600	0
2019.05.07	68.75	69.00	68.50	68.50	3613	13581500	0
2019.05.08	68.25	68.75	68.00	68.25	3113	13137200	0
2019.05.09	68.25	68.50	67.50	67.75	3812	16735500	0
2019.05.10	68.00	68.25	67.50	67.75	2511	13658400	0
2019.05.13	67.75	68.25	67.50	68.25	2134	12200000	0
2019.05.14	67.75	68.00	67.50	68.00	3325	15978200	0
2019.05.15	68.00	68.25	67.50	67.50	2861	11098500	0
2019.05.16	67.50	68.00	67.25	68.00	3450	15938800	0
2019.05.17	68.25	68.25	67.25	67.25	4062	21730000	0
2019.05.21	67.00	67.50	66.25	66.75	5271	28503100	0
2019.05.22	67.00	67.50	66.50	66.75	2680	14422200	0
2019.05.23	66.75	67.25	66.25	66.75	4098	25425900	0
2019.05.24	66.25	66.50	65.25	65.75	7949	42533100	0
2019.05.27	65.75	66.50	64.50	66.50	7143	45920500	0
2019.05.28	66.25	67.00	66.00	67.00	4405	41696900	0
2019.05.29	66.75	67.00	66.25	66.50	2570	13208400	0
2019.05.30	67.00	67.25	66.25	66.50	2644	16350900	0
2019.05.31	66.50	67.00	62.75	63.75	24819	153207900	0
2019.06.04	64.00	65.25	63.75	65.00	8468	54809300	0
2019.06.05	65.75	65.75	64.50	64.75	5239	28534400	0
2019.06.06	64.75	65.50	64.50	65.00	3869	24613100	0
2019.06.07	65.25	66.00	65.00	66.00	3427	20259300	0
2019.06.10	66.25	66.75	65.75	66.00	3749	35110100	0
2019.06.11	66.00	66.75	65.50	66.25	4060	25413900	0
2019.06.12	66.25	66.75	66.00	66.50	3191	9432500	0
2019.06.13	66.25	67.00	66.00	66.50	2515	15980500	0
2019.06.14	66.50	66.75	66.25	66.75	2956	11464500	0
2019.06.17	66.75	67.00	66.25	66.50	2369	14447000	0
2019.06.18	66.25	68.00	66.25	68.00	4597	46459400	0
2019.06.19	68.75	74.75	68.25	73.75	20923	316825600	0
2019.06.20	74.25	75.00	73.50	74.25	11688	76366100	0
2019.06.21	74.50	75.00	74.00	74.50	7289	53254900	0
2019.06.24	75.00	76.25	75.00	75.50	7504	55190700	0
2019.06.25	75.50	75.75	74.75	75.00	4608	42381600	0
2019.06.26	74.50	74.75	73.50	74.00	7819	55651700	0
2019.06.27	74.00	74.50	73.75	74.00	3676	24223200	0
2019.06.28	73.75	74.25	73.50	73.50	3334	25800300	0
2019.07.01	74.25	74.50	74.00	74.25	3459	25945300	0
2019.07.02	74.00	74.50	73.50	74.00	2881	14556800	0
2019.07.03	74.25	75.00	74.25	75.00	3241	21896800	0
2019.07.04	75.00	75.25	74.00	74.25	3771	28336000	0
2019.07.05	74.75	75.00	74.50	74.75	2223	14766200	0
2019.07.08	74.25	74.50	73.75	74.00	2961	18316900	0
2019.07.09	73.50	74.25	73.50	73.50	1989	16444800	0
2019.07.10	73.75	74.50	73.25	74.25	4397	26014100	0
2019.07.11	74.50	74.50	73.75	73.75	2273	10931900	0
2019.07.12	74.00	74.25	73.25	74.00	3376	14659800	0
2019.07.15	74.00	74.25	73.75	73.75	1831	8628100	0
2019.07.17	73.75	74.00	73.50	73.50	1762	11195000	0
2019.07.18	73.50	73.75	72.50	73.00	3594	24234200	0
2019.07.19	73.50	74.00	72.75	72.75	2830	13484900	0
2019.07.22	72.50	72.75	71.25	71.50	6051	32674300	0
2019.07.23	71.50	72.75	71.50	72.25	3622	23599000	0
2019.07.24	72.50	72.75	72.00	72.25	1963	19738400	0
2019.07.25	72.25	72.25	71.50	72.00	2805	19122400	0
2019.07.26	71.75	72.00	71.25	71.75	2440	11825200	0
2019.07.30	72.00	72.00	71.25	72.00	2776	13190800	0
2019.07.31	71.75	72.25	71.50	72.00	3142	12864000	0
2019.08.01	71.50	72.00	71.25	71.75	2565	13525400	0
2019.08.02	70.50	71.00	69.25	70.75	9910	66051300	0
2019.08.05	69.50	70.50	69.25	69.50	5565	35613200	0
2019.08.06	69.00	69.75	69.00	69.25	6912	41961800	0
2019.08.07	69.25	70.25	68.50	69.50	5152	28198800	0
2019.08.08	69.50	71.25	69.50	71.00	4129	26483200	0
2019.08.09	71.50	71.50	69.50	69.75	3857	18692100	0
2019.08.13	69.25	70.00	67.25	67.25	9059	45881200	0
2019.08.14	68.00	69.00	68.00	68.75	5923	28349900	0
2019.08.15	68.50	70.25	67.75	69.50	7833	45594100	0
2019.08.16	69.25	70.75	69.25	70.50	4627	28443600	0
2019.08.19	71.00	71.75	70.75	71.50	4620	27436400	0
2019.08.20	71.75	72.00	70.00	70.25	4065	33899200	0
2019.08.21	70.25	71.00	70.25	70.25	2915	20258000	0
2019.08.22	69.75	70.25	69.50	70.25	2725	19688000	0
2019.08.23	70.50	71.00	70.25	71.00	2912	14251500	0
2019.08.26	69.75	70.75	69.50	70.50	3663	16142000	0
2019.08.27	70.25	71.50	70.00	71.00	3163	32556400	0
2019.08.28	71.00	71.50	70.50	71.25	2850	17674100	0
2019.08.29	71.25	71.75	71.00	71.25	1668	11072300	0
2019.08.30	71.75	72.50	71.00	72.00	3862	31340200	0
2019.09.02	72.00	73.00	72.00	72.50	2941	26939200	0
2019.09.03	72.50	72.75	72.00	72.00	2220	16358500	0
2019.09.04	72.25	74.50	72.25	74.25	7570	50565600	0
2019.09.05	74.75	75.25	74.00	74.50	4195	40885300	0
2019.09.06	74.50	74.75	73.75	74.25	3070	17310000	0
2019.09.09	74.00	74.25	73.75	74.25	2383	9358000	0
2019.09.10	74.50	74.75	73.75	74.25	2179	16014100	0
2019.09.11	74.50	74.50	74.00	74.25	2049	11774100	0
2019.09.12	74.25	74.25	73.00	73.00	2803	17554900	0
2019.09.13	72.75	73.00	72.00	72.00	4102	22107400	0
2019.09.16	72.00	73.50	71.75	73.50	3464	17273500	0
2019.09.17	73.25	74.25	73.00	73.50	2842	20878100	0
2019.09.18	73.50	74.00	73.00	74.00	3695	18641600	0
2019.09.19	74.25	74.75	73.75	74.00	2758	19309700	0
2019.09.20	74.00	74.25	73.25	73.75	2508	19224800	0
2019.09.23	74.00	74.00	72.00	72.50	3335	20848300	0
2019.09.24	72.75	73.75	72.75	73.00	1870	12067500	0
2019.09.25	72.75	74.25	72.75	73.75	2431	20912000	0
2019.09.26	74.25	74.25	73.50	73.75	1920	13333900	0
2019.09.27	73.50	74.50	73.50	74.25	3619	20748600	0
2019.09.30	74.00	75.25	73.75	74.75	4042	30101800	0
2019.10.01	75.00	75.25	74.25	74.25	2993	18968900	0
2019.10.02	74.00	74.00	72.50	73.00	3905	26127000	0
2019.10.03	72.75	73.75	72.75	73.25	2460	14772600	0
2019.10.04	73.50	73.50	73.00	73.25	1744	10641600	0
2019.10.07	73.50	74.00	73.00	74.00	1405	11424200	0
2019.10.08	74.50	74.50	73.50	73.75	1261	8944300	0
2019.10.09	73.75	74.50	73.50	74.50	1809	10744300	0
2019.10.10	74.25	74.50	73.50	73.75	1810	9596700	0
2019.10.11	74.00	75.00	74.00	75.00	2997	23816000	0
2019.10.15	75.25	75.50	74.75	75.50	2745	17764900	0
2019.10.16	75.75	77.25	75.50	77.00	6013	52013700	0
2019.10.17	77.50	77.75	76.50	77.00	3694	27176500	0
2019.10.18	77.00	77.50	76.00	77.25	3465	18200000	0
2019.10.21	77.25	77.75	76.50	77.00	1916	10042900	0
2019.10.22	77.25	77.75	76.50	77.00	2087	8359600	0
2019.10.24	77.25	78.25	76.75	78.00	5770	34292300	0
2019.10.25	78.00	78.25	76.00	76.25	5700	32608700	0
2019.10.28	76.25	77.50	75.75	77.50	2952	16444900	0
2019.10.29	77.50	78.75	77.25	78.25	5326	29714200	0
2019.10.30	78.50	79.00	78.00	78.75	3060	19591500	0
2019.10.31	78.75	79.50	78.25	78.25	3129	21721000	0
2019.11.01	78.00	78.75	77.50	78.00	2813	16253300	0
2019.11.04	78.25	80.25	78.25	80.00	6309	31148500	0
2019.11.05	80.00	80.25	78.50	79.25	4755	26693100	0
2019.11.06	79.25	80.50	79.00	80.00	5419	25905700	0
2019.11.07	80.00	80.50	79.25	80.00	4829	19693600	0
2019.11.08	79.75	80.75	79.50	80.25	3213	11348400	0
2019.11.11	80.00	80.25	79.25	80.00	3306	16446500	0
2019.11.12	80.25	80.50	79.00	79.50	4144	16357700	0
2019.11.13	79.00	79.50	78.00	78.25	4713	21827800	0
2019.11.14	78.25	79.25	78.00	79.00	3135	16115900	0
2019.11.15	79.25	80.00	79.00	80.00	2208	11046000	0
2019.11.18	80.00	81.50	79.50	80.75	4180	27237500	0
2019.11.19	80.50	81.75	80.25	81.00	2666	22166800	0
2019.11.20	80.50	80.75	79.75	80.25	3655	17375300	0
2019.11.21	80.00	80.50	79.25	80.00	2985	14100500	0
2019.11.22	80.00	80.25	79.50	80.25	2188	8920700	0
2019.11.25	80.00	80.50	79.75	80.50	2168	11687500	0
2019.11.26	80.50	80.50	78.25	79.25	7176	42820000	0
2019.11.27	78.75	78.75	77.75	78.25	7338	29480100	0
2019.11.28	77.50	77.50	75.50	75.50	13432	65932300	0
2019.11.29	75.00	75.50	74.75	75.50	7433	47477400	0
2019.12.02	75.50	75.50	74.00	74.75	6744	44998000	0
2019.12.03	74.75	75.75	74.00	74.25	8022	42865500	0
2019.12.04	74.00	75.00	73.50	74.75	4081	23514700	0
2019.12.06	75.50	76.00	75.00	75.25	4933	27212300	0
2019.12.09	73.25	73.50	72.50	73.00	8115	41112600	0
2019.12.11	73.50	74.75	73.25	74.50	5664	25949100	0
2019.12.12	75.25	76.00	74.50	75.50	5164	28637500	0
2019.12.13	76.25	76.25	75.25	75.50	3467	10071300	0
2019.12.16	75.00	75.25	74.00	74.25	3256	16472500	0
2019.12.17	74.00	74.50	73.25	73.75	6177	25186600	0
2019.12.18	73.75	75.25	73.75	75.00	4970	18556500	0
2019.12.19	74.25	75.50	74.00	75.00	3510	18416000	0
2019.12.20	74.75	75.50	74.50	75.25	2644	15689100	0
2019.12.23	75.00	75.50	75.00	75.00	1741	9969500	0
2019.12.24	74.50	74.50	73.25	73.25	6157	35224900	0
2019.12.25	73.25	74.00	73.00	74.00	1326	7225200	0
2019.12.26	73.75	75.00	73.75	74.75	2330	15169700	0
2019.12.27	75.00	75.25	73.75	74.25	3709	22298300	0
2019.12.30	74.75	74.75	74.25	74.25	1643	9372600	0
2020.01.02	74.50	75.50	74.25	75.25	2499	11500200	0
2020.01.03	74.75	74.75	73.75	74.00	5309	22661500	0
2020.01.06	73.00	73.25	71.75	72.25	7599	41290900	0
2020.01.07	73.00	73.75	72.75	73.75	3548	14769400	0
2020.01.08	72.25	73.00	72.00	73.00	3200	21980500	0
2020.01.09	74.00	74.50	73.75	74.25	2978	18048300	0
2020.01.10	74.25	74.75	73.75	74.00	1666	7232600	0
2020.01.13	74.50	75.00	73.25	74.75	1102	8563000	0
2020.01.14	76.25	76.75	75.00	75.50	4872	31872700	0
2020.01.15	75.25	75.50	74.50	74.75	2073	12519900	0
2020.01.16	74.75	75.25	74.50	75.00	2165	6227400	0
2020.01.17	74.75	75.25	74.75	74.75	443	1794100	0
